poet_name,cluster,umap_x,umap_y
آمنة بنت عتيبة,1,6.241146,1.7576879
آمنة بنت وهب,3,6.604329,-1.0146519
أبو أذينه,0,6.259836,-2.812418
أبو الحكيم المري,10,7.5529127,4.3874254
أبو الذيال اليهودي,3,7.351795,-0.5761474
أبو الفضل الكناني,1,6.3048396,1.5644548
أبو اللحام التغلبي,5,6.8052616,5.386531
أبو المثلم الهذلي,-1,5.9897437,2.5562375
أبو بثينه الهذلي,6,7.4283,6.1630917
أبو حسان الفزاري,6,7.7922816,5.8567095
أبو حمضة اليهودي,3,7.0333643,-0.44612813
أبو حنش التغلبي,4,7.837707,3.234258
أبو حية الفزاري,5,6.5725255,5.7044725
أبو سلمى ربيعة المزني,3,7.067472,1.236413
أبو عدي النمري,5,6.5958924,5.697191
أبو عفك,3,6.822046,-0.51596904
أبو قردودة الطائي,3,7.339354,1.343727
أبو قلابة الهذلي,11,6.313062,3.774901
أبو قيس بن رفاعة,3,6.676741,-1.5180551
أحيحة بن الجلاح,7,6.7855983,2.308099
أخت الأسود بن غفار,-1,6.0988674,0.8987536
أربد الذبياني,5,6.8528824,5.4705453
أربد بن ضابئ,3,7.673325,0.06539172
أرطأة الفزاري,9,5.1324296,5.437804
أروى بنت الحباب,5,6.6439586,4.975566
أزبر بن غزي,-1,5.723081,0.53697073
أسماء التغلبية,2,7.3112183,2.137928
أسماء المرية,9,5.904269,5.616588
أعشى باهلة,3,6.501121,-1.2590691
أعصر بن سعد,9,5.163387,5.64653
أفنون,8,5.037817,4.16013
أم أبي جدابة,7,6.4737124,2.313169
أم الأغر بنت ربيعة التغلبية,11,6.4436984,3.6021204
أم الضحاك المحاربية,3,6.415388,-0.9170669
أم النحيف,3,6.974842,-0.63434225
أم موسى الكلابية,3,7.341139,0.4565836
أميمة بنت أمية,3,7.0734515,0.70639306
أميمة بنت عبد المطلب,3,6.6101413,-0.70245016
أميمة بنت عبد شمس,3,6.586201,-0.74066186
أوس العبدي,3,6.6846123,0.6403218
أوس الهجيمي,6,7.7286186,5.5124745
أوس بن حارثة,3,7.5050073,-0.70747644
أوس بن حجر,9,5.4379687,5.553155
ابن أم حزنة,11,6.2910414,4.1824446
ابن الأطنابة,3,7.492944,0.59876704
ابن الرعلاء,-1,7.5332074,2.5109854
ابن العجلان النهدي,8,5.4711266,3.4768162
ابن المضلَّل,7,7.0192647,1.7202967
ابن ثور العامري,9,5.768613,4.627268
ابن جوين الطائي,4,7.9638577,2.7965093
ابن زرعة الباهلي,3,7.656722,0.91903996
ابن شعواء الفزاري,6,7.5067034,6.667052
ابن عليق الطائي,3,7.25398,1.3615917
ابن عمرو الكندي,3,7.7197304,1.029415
ابن فكهة,3,6.547806,-1.1806698
ابن كلاب العقيلي,6,7.843909,5.92919
ابن مالك الحميري,-1,7.69141,2.296346
ابنة أبي الجدعاء,7,6.4740653,2.4505737
ابنة حكيم بن عمرو العبدية,2,7.6628118,1.5287218
ابو دُاود الإيادي,4,7.4869785,3.2265348
الأحبش التميمي,0,5.914046,-2.4648666
الأخضر الفزاري,5,6.3737745,5.1594205
الأخنس التغلبي,8,5.6103244,3.551827
الأدير الكلبي,3,7.5191035,-0.54487264
الأسعر الجعفي,9,5.286249,5.593673
الأسفع الأرحبي,-1,6.0077434,5.219866
الأسلوم اليامي,2,7.538128,1.5456563
الأسود التغلبي,7,6.880608,2.100142
الأسود النهشلي,3,6.7592793,-1.0194783
الأشتر الحمامي,3,7.8591146,0.40863454
الأشعث الجاشي,6,7.597095,6.595595
الأشعث بن عابس,3,7.2374463,0.12622528
الأضبط السعدي,-1,5.991139,4.442162
الأعرج المري,6,6.8367667,6.175709
الأعسر الضبي,3,7.5668454,0.89858943
الأعور بن عمرو الازدي,3,6.8182607,-0.40488344
الأفوة الأودي,11,6.2387476,3.7732186
البراق,8,5.5712724,3.261884
البسوس بنت منقذ التميمية,3,6.7715235,-0.14816318
البُرجُمي,10,6.764374,4.2604704
الجراح الهمداني,9,5.6300797,5.586589
الجميح الأسدي,3,7.064989,0.37062916
الجندل الفزاري,9,4.899933,5.05048
الجوزاء بنت عروة البصرية,0,6.141674,-2.7417994
الجيداء بنت زاهر الزبيدية,3,6.9870086,0.8541249
الحارث الجرمي,8,5.5270367,4.7343283
الحارث الحضرمي,5,6.6345444,5.996006
الحارث المذحجي,10,7.581438,4.022929
الحارث بن الحصين,-1,5.8977666,0.6009121
الحارث بن حلزة,11,6.6175117,3.4370372
الحارث بن زهير,3,7.9208617,0.5461012
الحارث بن صريم الوادعي,8,5.1928387,4.0590706
الحارث بن ظالم المري,0,6.3546367,-2.7196763
الحارث بن عباد,10,7.0718265,4.01318
الحارث بن مر,2,7.4450917,1.780257
الحسل الهمداني,4,8.019964,3.0830362
الحشاش الأصغر,8,5.719207,3.0577536
الحصين بن حمام الفزاري,9,5.5950165,5.166513
الحكم الفزاري,5,6.4379663,5.802893
الخرنق بنت بدر,11,6.4722686,3.3970702
الخنساء,7,6.242334,2.923703
الخنساء بنت التيجان,-1,5.954896,2.5039742
الخنساء بنت زهير,0,5.9623,-2.4295719
الدحداحة الفقيمية,0,6.2666807,-2.7165163
الدعجاء بنت وهب,0,6.083984,-2.4922338
الدهنا بنت مسحل,0,6.4768662,-2.1382127
الراشاء بن نهار,3,7.436338,-0.20797692
الراعي المري,3,6.643321,-0.6417751
الراعي الهمداني,10,7.1138244,4.3122525
الربيع بن أبي الحقيق,3,6.8806825,-0.35149878
الربيع بن زياد العبسي,0,6.387485,-2.2223103
الربيع بن زياد الكلبي,3,7.225758,1.1431519
الربيع بن عقيل,3,6.4781513,-0.77833945
الزفيان,4,7.7398195,3.162229
السفاح التغلبي,4,7.506439,3.6335013
السلكة أم السليك,-1,7.886095,2.1317425
السليك بن السلكة,6,7.2064495,6.103764
السموأل,-1,5.836243,3.9233487
الشنفرى,7,6.3964105,2.5562854
الطفيل الغنوي,9,5.5972195,5.706948
العجلان بن خليد,5,6.563709,5.3289447
العقار بن سليل,8,5.31961,4.1738343
العنبر الخضم,-1,6.0728984,0.9996973
العوراء الذبيانية,4,7.860404,3.410776
العوراء اليربوعية,3,7.246962,-0.22897089
الغطمش الضبي,0,6.3232484,-2.309131
الفارعة بنت معاوية,0,6.0450163,-2.3007438
الفند الزماني,3,7.18095,1.0410268
القعقاع بن شبث اليهودي,3,7.231694,-1.1819105
الكذاب الطابخي,3,7.3083634,0.36716953
الكذاب الكلبي,-1,6.195302,0.9912074
الكلحبة العرني,6,7.653988,5.8924255
المتلمس الضبعي,9,5.7069755,5.582038
المتنخل,7,6.4185038,2.7530966
المثقب العبدي,10,7.2267737,4.2823014
المثلم الفزاري,6,7.2502804,6.724237
المثلم المري,8,5.282655,3.6351328
المثلم بن عمرو التنوخي,0,6.5376525,-2.0943525
المثلم بن قرط البلوي,0,6.473295,-2.6952815
المحيا الهمداني,10,7.9563727,4.6474442
المرار الكلبي,-1,5.761188,0.5945084
المرقش الأصغر,3,7.359405,0.8054527
المرقش الأكبر,3,6.6909647,1.0371937
المسجاح الضبي,0,6.1919007,-2.4150054
المسيب بن علس,10,7.225371,4.12894
المشؤوم,8,5.774507,3.1337128
المعان بن روق,6,7.772922,6.1999254
المفضل النكري,-1,7.2262278,5.1488166
الممزق العبدي,-1,6.563604,6.145357
المنخل اليشكري,-1,7.312607,2.4219825
النابغة التغلبي,6,7.8233805,5.726925
النابغة الحارثي,7,6.63071,2.708261
النابغة الذبياني,9,5.822503,4.9457808
النابغة الغنوي,6,7.0922523,6.4543138
النوار الجل,2,7.078352,1.592032
الهبل بن عامر,3,7.5515523,-0.42886865
الهجرس التغلبي,6,7.147043,6.673312
الهدم بن امرئ القيس,3,6.949503,-0.97540843
الهذلول بن كعب,0,6.134296,-2.6461527
الهذيل الأكبر التغلبي,8,5.4057174,3.9874732
الهذيل بن أم عفاش,3,7.766964,-0.16765541
الهيبان الفهمي,3,6.826056,-0.871769
الهيفاء بنت صبيح القضاعية,1,6.0889306,1.7226201
الوقي الهمداني,4,7.782671,3.5078151
امرؤ القيس,7,6.6975923,2.1681423
امرؤ القيس الزهيري,6,7.76013,6.3026547
امرؤ القيس السكوني,3,7.7729425,0.7376935
امرؤ القيس الكلبي,9,5.890586,4.9695807
بداء بن سليمان,-1,6.743543,4.329
بدر الفزاري,9,5.833794,6.0048413
برة بنت عبد المطلب,3,7.50781,1.2103812
بسام بن شريح,3,7.9139557,0.46710545
بشامة بن الغدير,1,6.3695803,1.4946
بشر الفزاري,9,5.858524,5.04807
بشر بن أبي خازم,10,6.6749997,4.0122232
بشر بن عمرو,9,5.88051,5.3399725
بشير بن النكث,3,7.26962,0.18738234
بغثر بن لقيط الأسدي,0,6.5364876,-1.8613275
بكر الجرهمي,7,6.5525713,1.6953671
بلعاء بن قيس الكناني,0,6.5912766,-2.1504414
بيهس الغطفاني,7,6.546991,1.9866375
بيهس الفزاري,10,7.9299617,4.5098977
تأبط شراً,9,5.847873,5.941674
تماضر بنت الشريد,1,6.475467,1.2707142
تنها بنت قرط العبدية,3,7.3488746,0.8175435
ثعلبة المازني,5,6.7974124,5.4870467
ثعلبة بن بكر الأزدي,3,7.677947,-0.17910196
ثعلبة بن عامر,3,6.552112,0.17135003
جابر المرني,11,5.923095,4.032588
جابر المري,10,7.9521785,4.623703
جبار الفزاري,6,7.555541,6.5665307
جبار بن قرط,3,7.4805765,-0.23605682
جبر المعاوي,9,5.689208,5.8903084
جبلة بن الحارث,4,7.279277,2.718446
جحدر الوائلي,8,5.3319077,3.5569928
جحيش الهمداني,4,7.87878,2.8139713
جساس بن مرة,7,5.945602,3.0354724
حاتم الطائي,9,5.7694507,5.27269
حاجز الأزدي,3,7.0773377,1.323822
دريد بن الصمة,8,5.5901294,4.3862386
دوسر بن هذيل,8,5.137899,4.1263657
ذؤيب بن كعب,4,7.8975425,3.0120559
ذو الإصبع العدواني,0,6.537682,-2.4388275
زبان بن سيار الفزاري,8,5.444404,3.372401
زهير بن أبي سلمى,8,5.799429,3.8430746
زيد الخيل الطائي,9,5.598127,5.8415604
سلامة بن جندل,3,7.100258,0.056650013
سنان المري,6,7.5051866,5.927304
شمر الحنفي,3,7.008688,0.60845095
صخر الغي,-1,7.1533732,3.5289521
صيفي الأسلت,0,6.2363076,-2.9047866
ضمرة بن ضمرة,3,6.7496023,-0.8713213
طرفة بن العبد,-1,5.9614224,4.5462413
عبد المسيح بن عسلة,-1,6.5717206,3.0477517
عبد يغوث الحارثي,2,7.1322503,1.6684173
عدي بن ربيعة,8,5.8634133,3.1797183
عدي بن زيد,7,6.740799,2.3487039
عروة بن الورد,9,5.4310985,4.982574
علقمة الفحل,8,5.4048033,3.6932662
عمرو بن قميئة,11,6.5406117,3.4731555
عمرو بن كلثوم,-1,6.3828006,4.2407007
عنترة بن شداد,8,5.5922914,2.9080892
قبيصة بن النصراني,8,5.9176593,3.339281
قس بن ساعدة,11,6.4795103,3.544812
قيس بن الحدادية,9,5.7204847,5.242848
لقيط بن زرارة,-1,6.87603,3.7587938
لقيط بن يعمر الإيادي,7,6.583273,1.8174268
مالك بن حريم الهمداني,10,7.259204,4.529677
محرز الضبي,3,6.8439145,0.79680794
معقر بن حمار البارقي,7,6.9758916,2.0376318
نهيكة الفزاري,6,7.335891,6.5778995
هبل الكلبي,5,6.4796176,5.071367
هبيرة المري,-1,7.71311,3.9194574
هزيلة الجديسية,0,6.397014,-2.2846172
هشام المري,5,6.5491056,5.654388
هلال بن رزين,0,6.0552745,-2.9440513
همام التميمي,-1,6.254889,3.8460436
هناءة بن مالك الأزدي,3,7.5433335,-0.53895366
هند الأيادية,3,6.246553,-0.5648246
هند السدوسية,0,6.5617995,-2.5750604
هند الضبابية,3,6.4789248,-0.36132196
هند الفزارية,6,7.7008576,6.3102794
هند بنت ابن عامر الأسلمي,0,6.1605926,-2.8066323
هند بنت الخس,6,6.946871,6.7403426
هند بنت معبد,3,6.4891024,-0.4098918
هني الكناني,0,6.519211,-2.5101585
وجيهة الضبية,3,6.959977,-0.9456163
وداك المازني,0,5.98573,-2.93963
ورقاء بن زهير,0,6.1614156,-2.7491548
وهيبة بنت عبد العزى,3,7.2654133,0.4616035
ياسر الخيبري,3,7.2499733,-1.0089749
يربوع بن حنظلة,-1,6.267444,1.2157137
يزيد الأرحبي,-1,7.7701244,4.966079
يزيد الشني,10,7.2304645,4.190209
يزيد بن الرومي العتكي,3,7.5204134,1.0268084
يزيد بن الصعق,9,4.943347,5.1548586
يزيد بن سنان المري,-1,4.905528,4.614324
يزيد بن قنافة,0,6.0457296,-2.343522
يزيد بن مجالد الفزاري,9,5.1585546,5.612383
يزيد ذو القفا,9,4.949902,5.2689996
