poet,rank,neighbor,similarity
آمنة بنت عتيبة,1,بشامة بن الغدير,0.9130152463912964
آمنة بنت عتيبة,2,جبلة بن الحارث,0.9044433832168579
آمنة بنت عتيبة,3,العجلان بن خليد,0.9034380316734314
آمنة بنت عتيبة,4,الأسفع الأرحبي,0.9032502770423889
آمنة بنت عتيبة,5,تماضر بنت الشريد,0.9030225872993469
آمنة بنت وهب,1,الأسود النهشلي,0.8853194117546082
آمنة بنت وهب,2,ضمرة بن ضمرة,0.862101674079895
آمنة بنت وهب,3,أم الضحاك المحاربية,0.8581869006156921
آمنة بنت وهب,4,الربيع بن أبي الحقيق,0.855213463306427
آمنة بنت وهب,5,أميمة بنت عبد المطلب,0.8495810627937317
أبو أذينه,1,صيفي الأسلت,0.6994050145149231
أبو أذينه,2,الحارث بن ظالم المري,0.6878914833068848
أبو أذينه,3,الربيع بن زياد العبسي,0.6460320353507996
أبو أذينه,4,ذو الإصبع العدواني,0.6152926683425903
أبو أذينه,5,وداك المازني,0.5975936055183411
أبو الحكيم المري,1,المثقب العبدي,0.9990483522415161
أبو الحكيم المري,2,يزيد الشني,0.9989897012710571
أبو الحكيم المري,3,يزيد الأرحبي,0.9989131093025208
أبو الحكيم المري,4,مالك بن حريم الهمداني,0.9988593459129333
أبو الحكيم المري,5,الحارث بن عباد,0.9987094402313232
أبو الذيال اليهودي,1,هناءة بن مالك الأزدي,0.9571027755737305
أبو الذيال اليهودي,2,الربيع بن أبي الحقيق,0.953589916229248
أبو الذيال اليهودي,3,سلامة بن جندل,0.9482676982879639
أبو الذيال اليهودي,4,الجميح الأسدي,0.9389612674713135
أبو الذيال اليهودي,5,الأسود النهشلي,0.937637209892273
أبو الفضل الكناني,1,بشامة بن الغدير,0.9590592384338379
أبو الفضل الكناني,2,المرقش الأكبر,0.9556950330734253
أبو الفضل الكناني,3,الشنفرى,0.9539358615875244
أبو الفضل الكناني,4,أبو المثلم الهذلي,0.9532724022865295
أبو الفضل الكناني,5,أسماء التغلبية,0.9497290849685669
أبو اللحام التغلبي,1,المفضل النكري,0.9985862970352173
أبو اللحام التغلبي,2,ثعلبة المازني,0.9981627464294434
أبو اللحام التغلبي,3,النابغة الذبياني,0.9981025457382202
أبو اللحام التغلبي,4,مالك بن حريم الهمداني,0.9980214238166809
أبو اللحام التغلبي,5,الحصين بن حمام الفزاري,0.9979190826416016
أبو المثلم الهذلي,1,الخنساء,0.9959056377410889
أبو المثلم الهذلي,2,البراق,0.9955461025238037
أبو المثلم الهذلي,3,عنترة بن شداد,0.9954942464828491
أبو المثلم الهذلي,4,قبيصة بن النصراني,0.9954485893249512
أبو المثلم الهذلي,5,المتنخل,0.9951725602149963
أبو بثينه الهذلي,1,الكلحبة العرني,0.999443531036377
أبو بثينه الهذلي,2,سنان المري,0.9983932971954346
أبو بثينه الهذلي,3,السليك بن السلكة,0.9983856678009033
أبو بثينه الهذلي,4,أوس الهجيمي,0.9983818531036377
أبو بثينه الهذلي,5,تأبط شراً,0.9980863928794861
أبو حسان الفزاري,1,ابن كلاب العقيلي,0.9999995231628418
أبو حسان الفزاري,2,النابغة التغلبي,0.9998757839202881
أبو حسان الفزاري,3,المعان بن روق,0.9993361234664917
أبو حسان الفزاري,4,الكلحبة العرني,0.9991450309753418
أبو حسان الفزاري,5,سنان المري,0.9990683794021606
أبو حمضة اليهودي,1,الأسود النهشلي,0.923159658908844
أبو حمضة اليهودي,2,الربيع بن أبي الحقيق,0.9214855432510376
أبو حمضة اليهودي,3,سلامة بن جندل,0.9167897701263428
أبو حمضة اليهودي,4,جبار بن قرط,0.9158172607421875
أبو حمضة اليهودي,5,أبو الذيال اليهودي,0.9095116853713989
أبو حنش التغلبي,1,ذؤيب بن كعب,0.987511396408081
أبو حنش التغلبي,2,الزفيان,0.9872434139251709
أبو حنش التغلبي,3,جحيش الهمداني,0.9863037467002869
أبو حنش التغلبي,4,الحارث المذحجي,0.9862862229347229
أبو حنش التغلبي,5,السفاح التغلبي,0.9858559966087341
أبو حية الفزاري,1,هشام المري,0.9618676900863647
أبو حية الفزاري,2,أبو عدي النمري,0.9592066407203674
أبو حية الفزاري,3,الحكم الفزاري,0.9591978192329407
أبو حية الفزاري,4,العجلان بن خليد,0.9537240862846375
أبو حية الفزاري,5,الحارث الحضرمي,0.9533653259277344
أبو سلمى ربيعة المزني,1,الفند الزماني,0.9687532186508179
أبو سلمى ربيعة المزني,2,حاجز الأزدي,0.9686943292617798
أبو سلمى ربيعة المزني,3,محرز الضبي,0.9664428234100342
أبو سلمى ربيعة المزني,4,جبلة بن الحارث,0.9661946296691895
أبو سلمى ربيعة المزني,5,المرقش الأكبر,0.9645481109619141
أبو عدي النمري,1,الحارث الحضرمي,0.9966906905174255
أبو عدي النمري,2,ثعلبة المازني,0.996181070804596
أبو عدي النمري,3,الأعرج المري,0.9950138330459595
أبو عدي النمري,4,الممزق العبدي,0.9945216774940491
أبو عدي النمري,5,أبو اللحام التغلبي,0.9945192933082581
أبو عفك,1,الربيع بن أبي الحقيق,0.8504895567893982
أبو عفك,2,الأسود النهشلي,0.8496705293655396
أبو عفك,3,ضمرة بن ضمرة,0.8400816917419434
أبو عفك,4,سلامة بن جندل,0.8356972336769104
أبو عفك,5,جبار بن قرط,0.8295624256134033
أبو قردودة الطائي,1,حاجز الأزدي,0.9862111806869507
أبو قردودة الطائي,2,الفند الزماني,0.9850286245346069
أبو قردودة الطائي,3,الأعسر الضبي,0.9844405651092529
أبو قردودة الطائي,4,جبلة بن الحارث,0.9843772649765015
أبو قردودة الطائي,5,ابن الرعلاء,0.9837133884429932
أبو قلابة الهذلي,1,الخرنق بنت بدر,0.9984884858131409
أبو قلابة الهذلي,2,الأضبط السعدي,0.9983575940132141
أبو قلابة الهذلي,3,الأفوة الأودي,0.9983409643173218
أبو قلابة الهذلي,4,عمرو بن قميئة,0.9982904195785522
أبو قلابة الهذلي,5,السموأل,0.998281717300415
أبو قيس بن رفاعة,1,الأسود النهشلي,0.9427685141563416
أبو قيس بن رفاعة,2,ضمرة بن ضمرة,0.9310919046401978
أبو قيس بن رفاعة,3,أم الضحاك المحاربية,0.9130510091781616
أبو قيس بن رفاعة,4,بلعاء بن قيس الكناني,0.9096198081970215
أبو قيس بن رفاعة,5,الربيع بن أبي الحقيق,0.9070261716842651
أحيحة بن الجلاح,1,عدي بن زيد,0.9984996318817139
أحيحة بن الجلاح,2,الخنساء,0.9984362125396729
أحيحة بن الجلاح,3,امرؤ القيس,0.9984323978424072
أحيحة بن الجلاح,4,الخرنق بنت بدر,0.9981958866119385
أحيحة بن الجلاح,5,عمرو بن قميئة,0.9981765747070312
أخت الأسود بن غفار,1,العنبر الخضم,0.8523738384246826
أخت الأسود بن غفار,2,الكذاب الكلبي,0.8485454320907593
أخت الأسود بن غفار,3,يربوع بن حنظلة,0.8461375832557678
أخت الأسود بن غفار,4,الربيع بن أبي الحقيق,0.8437705636024475
أخت الأسود بن غفار,5,بشامة بن الغدير,0.8426814079284668
أربد الذبياني,1,أبو عدي النمري,0.9892991781234741
أربد الذبياني,2,ثعلبة المازني,0.989188551902771
أربد الذبياني,3,أبو اللحام التغلبي,0.9887984395027161
أربد الذبياني,4,المفضل النكري,0.9884950518608093
أربد الذبياني,5,أبو قلابة الهذلي,0.9876202344894409
أربد بن ضابئ,1,هناءة بن مالك الأزدي,0.8169782757759094
أربد بن ضابئ,2,ثعلبة بن بكر الأزدي,0.8016523718833923
أربد بن ضابئ,3,أم موسى الكلابية,0.8000935316085815
أربد بن ضابئ,4,ابن الأطنابة,0.7952229976654053
أربد بن ضابئ,5,امرؤ القيس السكوني,0.7948882579803467
أرطأة الفزاري,1,بداء بن سليمان,0.9964483976364136
أرطأة الفزاري,2,يزيد بن مجالد الفزاري,0.9963939785957336
أرطأة الفزاري,3,أعصر بن سعد,0.9954801201820374
أرطأة الفزاري,4,يزيد بن الصعق,0.9949733018875122
أرطأة الفزاري,5,الأسعر الجعفي,0.994772732257843
أروى بنت الحباب,1,هبل الكلبي,0.8932387828826904
أروى بنت الحباب,2,تماضر بنت الشريد,0.8929473757743835
أروى بنت الحباب,3,أربد الذبياني,0.8911072015762329
أروى بنت الحباب,4,العجلان بن خليد,0.8877986669540405
أروى بنت الحباب,5,أبو عدي النمري,0.882384181022644
أزبر بن غزي,1,المرار الكلبي,0.6251786947250366
أزبر بن غزي,2,الحارث بن الحصين,0.5819023847579956
أزبر بن غزي,3,هشام المري,0.5257763266563416
أزبر بن غزي,4,العجلان بن خليد,0.48948466777801514
أزبر بن غزي,5,الدهنا بنت مسحل,0.48915353417396545
أسماء التغلبية,1,جحيش الهمداني,0.9912035465240479
أسماء التغلبية,2,امرؤ القيس,0.9911506772041321
أسماء التغلبية,3,عبد المسيح بن عسلة,0.9909614324569702
أسماء التغلبية,4,الحارث بن حلزة,0.9909144639968872
أسماء التغلبية,5,عنترة بن شداد,0.9908552169799805
أسماء المرية,1,حاتم الطائي,0.9961414337158203
أسماء المرية,2,تأبط شراً,0.9958271384239197
أسماء المرية,3,الطفيل الغنوي,0.9958236217498779
أسماء المرية,4,زيد الخيل الطائي,0.9957977533340454
أسماء المرية,5,أوس بن حجر,0.995786726474762
أعشى باهلة,1,الأسود النهشلي,0.9214606881141663
أعشى باهلة,2,ضمرة بن ضمرة,0.8989861607551575
أعشى باهلة,3,الربيع بن أبي الحقيق,0.8844751119613647
أعشى باهلة,4,الربيع بن زياد العبسي,0.884373664855957
أعشى باهلة,5,هند بنت معبد,0.8694705963134766
أعصر بن سعد,1,أوس بن حجر,0.998698353767395
أعصر بن سعد,2,زيد الخيل الطائي,0.9985691905021667
أعصر بن سعد,3,الكلحبة العرني,0.9985501766204834
أعصر بن سعد,4,تأبط شراً,0.9984720349311829
أعصر بن سعد,5,الأسعر الجعفي,0.9984201788902283
أفنون,1,دوسر بن هذيل,0.9954090118408203
أفنون,2,البراق,0.9943087100982666
أفنون,3,الحارث بن صريم الوادعي,0.9940739870071411
أفنون,4,زبان بن سيار الفزاري,0.9940531253814697
أفنون,5,جحدر الوائلي,0.9936842322349548
أم أبي جدابة,1,عدي بن زيد,0.9914000034332275
أم أبي جدابة,2,بيهس الغطفاني,0.9905359148979187
أم أبي جدابة,3,أحيحة بن الجلاح,0.9903141260147095
أم أبي جدابة,4,لقيط بن يعمر الإيادي,0.9902411103248596
أم أبي جدابة,5,الخرنق بنت بدر,0.9899875521659851
أم الأغر بنت ربيعة التغلبية,1,أبو قلابة الهذلي,0.9817273616790771
أم الأغر بنت ربيعة التغلبية,2,قس بن ساعدة,0.9814428091049194
أم الأغر بنت ربيعة التغلبية,3,الخرنق بنت بدر,0.9802191257476807
أم الأغر بنت ربيعة التغلبية,4,امرؤ القيس,0.9801852703094482
أم الأغر بنت ربيعة التغلبية,5,الحارث بن حلزة,0.9798987507820129
أم الضحاك المحاربية,1,الأسود النهشلي,0.9432849884033203
أم الضحاك المحاربية,2,ضمرة بن ضمرة,0.9315081834793091
أم الضحاك المحاربية,3,الربيع بن أبي الحقيق,0.9265023469924927
أم الضحاك المحاربية,4,أبو قيس بن رفاعة,0.9130510091781616
أم الضحاك المحاربية,5,أميمة بنت عبد المطلب,0.9081335663795471
أم النحيف,1,هناءة بن مالك الأزدي,0.8913969397544861
أم النحيف,2,الأسود النهشلي,0.8908347487449646
أم النحيف,3,ضمرة بن ضمرة,0.8876710534095764
أم النحيف,4,الربيع بن أبي الحقيق,0.8860980272293091
أم النحيف,5,أبو الذيال اليهودي,0.882068395614624
أم موسى الكلابية,1,ابن الأطنابة,0.9165571928024292
أم موسى الكلابية,2,الجميح الأسدي,0.916404664516449
أم موسى الكلابية,3,المرقش الأكبر,0.9129279851913452
أم موسى الكلابية,4,الأسود النهشلي,0.911692202091217
أم موسى الكلابية,5,بشامة بن الغدير,0.9114977717399597
أميمة بنت أمية,1,الفند الزماني,0.9533315896987915
أميمة بنت أمية,2,الجميح الأسدي,0.9526264667510986
أميمة بنت أمية,3,المرقش الأكبر,0.9521247148513794
أميمة بنت أمية,4,حاجز الأزدي,0.9513137936592102
أميمة بنت أمية,5,الأعسر الضبي,0.9499187469482422
أميمة بنت عبد المطلب,1,الأسود النهشلي,0.9320800304412842
أميمة بنت عبد المطلب,2,الربيع بن أبي الحقيق,0.9318773746490479
أميمة بنت عبد المطلب,3,ضمرة بن ضمرة,0.9252496957778931
أميمة بنت عبد المطلب,4,سلامة بن جندل,0.9231146574020386
أميمة بنت عبد المطلب,5,محرز الضبي,0.9143815636634827
أميمة بنت عبد شمس,1,أميمة بنت أمية,0.8849201202392578
أميمة بنت عبد شمس,2,الأسود النهشلي,0.8840969800949097
أميمة بنت عبد شمس,3,ضمرة بن ضمرة,0.8819106817245483
أميمة بنت عبد شمس,4,الربيع بن أبي الحقيق,0.8769360780715942
أميمة بنت عبد شمس,5,هناءة بن مالك الأزدي,0.8637956976890564
أوس العبدي,1,سلامة بن جندل,0.9369939565658569
أوس العبدي,2,الفند الزماني,0.9367458820343018
أوس العبدي,3,بشامة بن الغدير,0.9338781833648682
أوس العبدي,4,الأسلوم اليامي,0.9321023225784302
أوس العبدي,5,ابن الأطنابة,0.9318605065345764
أوس الهجيمي,1,الكلحبة العرني,0.9991734027862549
أوس الهجيمي,2,يزيد الأرحبي,0.9991446733474731
أوس الهجيمي,3,سنان المري,0.9990890622138977
أوس الهجيمي,4,النابغة التغلبي,0.9989432096481323
أوس الهجيمي,5,مالك بن حريم الهمداني,0.9988276362419128
أوس بن حارثة,1,هناءة بن مالك الأزدي,0.8786008954048157
أوس بن حارثة,2,الهبل بن عامر,0.870884895324707
أوس بن حارثة,3,الأدير الكلبي,0.8644227981567383
أوس بن حارثة,4,الأسود النهشلي,0.8617035150527954
أوس بن حارثة,5,أبو الذيال اليهودي,0.8613779544830322
أوس بن حجر,1,زيد الخيل الطائي,0.9998335838317871
أوس بن حجر,2,الطفيل الغنوي,0.9997530579566956
أوس بن حجر,3,الحصين بن حمام الفزاري,0.9997366666793823
أوس بن حجر,4,قيس بن الحدادية,0.9996747374534607
أوس بن حجر,5,تأبط شراً,0.9996296763420105
ابن أم حزنة,1,الأفوة الأودي,0.9978009462356567
ابن أم حزنة,2,عمرو بن كلثوم,0.9977232217788696
ابن أم حزنة,3,بشر بن أبي خازم,0.9976209402084351
ابن أم حزنة,4,زهير بن أبي سلمى,0.9975537061691284
ابن أم حزنة,5,قيس بن الحدادية,0.9974451065063477
ابن الأطنابة,1,الأعسر الضبي,0.9740709662437439
ابن الأطنابة,2,الفند الزماني,0.9738528728485107
ابن الأطنابة,3,الجميح الأسدي,0.9705483317375183
ابن الأطنابة,4,الأسلوم اليامي,0.9698339104652405
ابن الأطنابة,5,حاجز الأزدي,0.9672462940216064
ابن الرعلاء,1,المنخل اليشكري,0.9925674796104431
ابن الرعلاء,2,الزفيان,0.9919849038124084
ابن الرعلاء,3,معقر بن حمار البارقي,0.9918074607849121
ابن الرعلاء,4,السفاح التغلبي,0.9914839863777161
ابن الرعلاء,5,ابو دُاود الإيادي,0.991463303565979
ابن العجلان النهدي,1,زبان بن سيار الفزاري,0.9986257553100586
ابن العجلان النهدي,2,عدي بن ربيعة,0.9986206293106079
ابن العجلان النهدي,3,المتلمس الضبعي,0.9984957575798035
ابن العجلان النهدي,4,زهير بن أبي سلمى,0.9983965754508972
ابن العجلان النهدي,5,دريد بن الصمة,0.9983762502670288
ابن المضلَّل,1,معقر بن حمار البارقي,0.9969493746757507
ابن المضلَّل,2,أحيحة بن الجلاح,0.9964389801025391
ابن المضلَّل,3,امرؤ القيس,0.9957019090652466
ابن المضلَّل,4,عدي بن زيد,0.9955752491950989
ابن المضلَّل,5,حاجز الأزدي,0.9954900145530701
ابن ثور العامري,1,دريد بن الصمة,0.9971420764923096
ابن ثور العامري,2,النابغة الذبياني,0.997130811214447
ابن ثور العامري,3,طرفة بن العبد,0.9970740079879761
ابن ثور العامري,4,الحصين بن حمام الفزاري,0.9970414638519287
ابن ثور العامري,5,عمرو بن قميئة,0.9969446659088135
ابن جوين الطائي,1,جحيش الهمداني,0.9944685697555542
ابن جوين الطائي,2,الزفيان,0.9939305186271667
ابن جوين الطائي,3,ذؤيب بن كعب,0.9926424622535706
ابن جوين الطائي,4,الحسل الهمداني,0.9923705458641052
ابن جوين الطائي,5,ابن مالك الحميري,0.9923118948936462
ابن زرعة الباهلي,1,معقر بن حمار البارقي,0.9937658309936523
ابن زرعة الباهلي,2,حاجز الأزدي,0.9929139614105225
ابن زرعة الباهلي,3,ابن المضلَّل,0.9923619627952576
ابن زرعة الباهلي,4,بيهس الغطفاني,0.9922587871551514
ابن زرعة الباهلي,5,الأعسر الضبي,0.9920545220375061
ابن شعواء الفزاري,1,جبار الفزاري,0.9982303380966187
ابن شعواء الفزاري,2,الأشعث الجاشي,0.9976508617401123
ابن شعواء الفزاري,3,هند الفزارية,0.9953360557556152
ابن شعواء الفزاري,4,نهيكة الفزاري,0.9952520132064819
ابن شعواء الفزاري,5,امرؤ القيس الزهيري,0.9947152137756348
ابن عليق الطائي,1,حاجز الأزدي,0.9883393049240112
ابن عليق الطائي,2,محرز الضبي,0.9871041774749756
ابن عليق الطائي,3,امرؤ القيس,0.9858323335647583
ابن عليق الطائي,4,معقر بن حمار البارقي,0.9852088093757629
ابن عليق الطائي,5,البراق,0.9845712780952454
ابن عمرو الكندي,1,الأعسر الضبي,0.9762413501739502
ابن عمرو الكندي,2,المرقش الأصغر,0.9737055897712708
ابن عمرو الكندي,3,امرؤ القيس السكوني,0.9736201167106628
ابن عمرو الكندي,4,الحارث بن صريم الوادعي,0.9732284545898438
ابن عمرو الكندي,5,المرقش الأكبر,0.9727787971496582
ابن فكهة,1,الأسود النهشلي,0.8932757377624512
ابن فكهة,2,ضمرة بن ضمرة,0.8754376173019409
ابن فكهة,3,أعشى باهلة,0.8673157691955566
ابن فكهة,4,الربيع بن أبي الحقيق,0.857978880405426
ابن فكهة,5,الربيع بن زياد العبسي,0.8557150363922119
ابن كلاب العقيلي,1,أبو حسان الفزاري,0.9999995231628418
ابن كلاب العقيلي,2,النابغة التغلبي,0.9998757839202881
ابن كلاب العقيلي,3,المعان بن روق,0.9993360638618469
ابن كلاب العقيلي,4,الكلحبة العرني,0.9991450309753418
ابن كلاب العقيلي,5,سنان المري,0.999068558216095
ابن مالك الحميري,1,الزفيان,0.9948378801345825
ابن مالك الحميري,2,لقيط بن يعمر الإيادي,0.994520902633667
ابن مالك الحميري,3,ابن المضلَّل,0.9944285154342651
ابن مالك الحميري,4,بيهس الغطفاني,0.9937305450439453
ابن مالك الحميري,5,المنخل اليشكري,0.9935722351074219
ابنة أبي الجدعاء,1,امرؤ القيس,0.9840996265411377
ابنة أبي الجدعاء,2,الشنفرى,0.9840043187141418
ابنة أبي الجدعاء,3,المتنخل,0.9834871292114258
ابنة أبي الجدعاء,4,حاجز الأزدي,0.9823877811431885
ابنة أبي الجدعاء,5,علقمة الفحل,0.9822815656661987
ابنة حكيم بن عمرو العبدية,1,الأسلوم اليامي,0.940664529800415
ابنة حكيم بن عمرو العبدية,2,ابن الأطنابة,0.9405437707901001
ابنة حكيم بن عمرو العبدية,3,أسماء التغلبية,0.9399016499519348
ابنة حكيم بن عمرو العبدية,4,ابن عليق الطائي,0.9361520409584045
ابنة حكيم بن عمرو العبدية,5,جبلة بن الحارث,0.9351524710655212
ابو دُاود الإيادي,1,الزفيان,0.9983755350112915
ابو دُاود الإيادي,2,الحارث بن عباد,0.9973883628845215
ابو دُاود الإيادي,3,يزيد الشني,0.9973071217536926
ابو دُاود الإيادي,4,المنخل اليشكري,0.9972938895225525
ابو دُاود الإيادي,5,الحارث المذحجي,0.997269332408905
الأحبش التميمي,1,الخنساء بنت زهير,0.4745579957962036
الأحبش التميمي,2,الدعجاء بنت وهب,0.43839454650878906
الأحبش التميمي,3,الغطمش الضبي,0.42494866251945496
الأحبش التميمي,4,ذو الإصبع العدواني,0.39744096994400024
الأحبش التميمي,5,صيفي الأسلت,0.39739343523979187
الأخضر الفزاري,1,همام التميمي,0.9570444822311401
الأخضر الفزاري,2,أبو عدي النمري,0.9489840865135193
الأخضر الفزاري,3,العجلان بن خليد,0.9476481676101685
الأخضر الفزاري,4,الحارث الحضرمي,0.9429470300674438
الأخضر الفزاري,5,الحكم الفزاري,0.9426147937774658
الأخنس التغلبي,1,البراق,0.9962376356124878
الأخنس التغلبي,2,عنترة بن شداد,0.9959357976913452
الأخنس التغلبي,3,السموأل,0.9959334135055542
الأخنس التغلبي,4,علقمة الفحل,0.9958975911140442
الأخنس التغلبي,5,دريد بن الصمة,0.9958701133728027
الأدير الكلبي,1,هناءة بن مالك الأزدي,0.9324631094932556
الأدير الكلبي,2,الربيع بن أبي الحقيق,0.9082736372947693
الأدير الكلبي,3,شمر الحنفي,0.9068641662597656
الأدير الكلبي,4,أبو الذيال اليهودي,0.894166886806488
الأدير الكلبي,5,الهبل بن عامر,0.89279705286026
الأسعر الجعفي,1,أوس بن حجر,0.9989644885063171
الأسعر الجعفي,2,الطفيل الغنوي,0.9988268613815308
الأسعر الجعفي,3,زيد الخيل الطائي,0.9986436367034912
الأسعر الجعفي,4,قيس بن الحدادية,0.9986426830291748
الأسعر الجعفي,5,عروة بن الورد,0.9985447525978088
الأسفع الأرحبي,1,حاتم الطائي,0.992958128452301
الأسفع الأرحبي,2,جبر المعاوي,0.9925419688224792
الأسفع الأرحبي,3,المتلمس الضبعي,0.9923924207687378
الأسفع الأرحبي,4,المتنخل,0.9922787547111511
الأسفع الأرحبي,5,الحارث الجرمي,0.9922532439231873
الأسلوم اليامي,1,الفند الزماني,0.9882993698120117
الأسلوم اليامي,2,أسماء التغلبية,0.9874860048294067
الأسلوم اليامي,3,حاجز الأزدي,0.9869745969772339
الأسلوم اليامي,4,ابن المضلَّل,0.9866853356361389
الأسلوم اليامي,5,جحيش الهمداني,0.9865767955780029
الأسود التغلبي,1,معقر بن حمار البارقي,0.9954753518104553
الأسود التغلبي,2,عدي بن زيد,0.995344340801239
الأسود التغلبي,3,امرؤ القيس,0.9952179193496704
الأسود التغلبي,4,عنترة بن شداد,0.9951716661453247
الأسود التغلبي,5,الخنساء,0.9950201511383057
الأسود النهشلي,1,ضمرة بن ضمرة,0.9739095568656921
الأسود النهشلي,2,الربيع بن أبي الحقيق,0.9673154950141907
الأسود النهشلي,3,سلامة بن جندل,0.944083571434021
الأسود النهشلي,4,أم الضحاك المحاربية,0.9432849884033203
الأسود النهشلي,5,أبو قيس بن رفاعة,0.9427685141563416
الأشتر الحمامي,1,السلكة أم السليك,0.9666860699653625
الأشتر الحمامي,2,امرؤ القيس السكوني,0.9655275940895081
الأشتر الحمامي,3,الفند الزماني,0.9626802802085876
الأشتر الحمامي,4,ابن زرعة الباهلي,0.9626134037971497
الأشتر الحمامي,5,الأعسر الضبي,0.962469220161438
الأشعث الجاشي,1,جبار الفزاري,0.9999483823776245
الأشعث الجاشي,2,هند الفزارية,0.9995759725570679
الأشعث الجاشي,3,امرؤ القيس الزهيري,0.9994120597839355
الأشعث الجاشي,4,المعان بن روق,0.999148964881897
الأشعث الجاشي,5,السليك بن السلكة,0.9980076551437378
الأشعث بن عابس,1,سلامة بن جندل,0.9128888249397278
الأشعث بن عابس,2,الهبل بن عامر,0.902672529220581
الأشعث بن عابس,3,جبار بن قرط,0.9006689786911011
الأشعث بن عابس,4,الجميح الأسدي,0.8983418941497803
الأشعث بن عابس,5,ابن الأطنابة,0.8973410129547119
الأضبط السعدي,1,السموأل,0.9993973970413208
الأضبط السعدي,2,طرفة بن العبد,0.9991892576217651
الأضبط السعدي,3,النابغة الذبياني,0.9991428852081299
الأضبط السعدي,4,الحصين بن حمام الفزاري,0.9988836050033569
الأضبط السعدي,5,الأفوة الأودي,0.9988172650337219
الأعرج المري,1,الحارث الحضرمي,0.9985756874084473
الأعرج المري,2,الممزق العبدي,0.9981383085250854
الأعرج المري,3,السليك بن السلكة,0.9974256753921509
الأعرج المري,4,هند الفزارية,0.9972716569900513
الأعرج المري,5,الأشعث الجاشي,0.9972567558288574
الأعسر الضبي,1,حاجز الأزدي,0.9925433397293091
الأعسر الضبي,2,ابن زرعة الباهلي,0.9920545220375061
الأعسر الضبي,3,معقر بن حمار البارقي,0.991424560546875
الأعسر الضبي,4,المرقش الأكبر,0.990787923336029
الأعسر الضبي,5,ابن المضلَّل,0.9907228350639343
الأعور بن عمرو الازدي,1,الربيع بن أبي الحقيق,0.8647139072418213
الأعور بن عمرو الازدي,2,ضمرة بن ضمرة,0.8634636402130127
الأعور بن عمرو الازدي,3,الأسود النهشلي,0.8575929403305054
الأعور بن عمرو الازدي,4,سلامة بن جندل,0.8527094721794128
الأعور بن عمرو الازدي,5,أميمة بنت عبد المطلب,0.8466067314147949
الأفوة الأودي,1,عمرو بن قميئة,0.9996191263198853
الأفوة الأودي,2,زهير بن أبي سلمى,0.9995385408401489
الأفوة الأودي,3,السموأل,0.9995226860046387
الأفوة الأودي,4,الحارث بن عباد,0.9993706941604614
الأفوة الأودي,5,طرفة بن العبد,0.9993653297424316
البراق,1,عنترة بن شداد,0.9992613792419434
البراق,2,زبان بن سيار الفزاري,0.9988709688186646
البراق,3,عدي بن ربيعة,0.9988632202148438
البراق,4,الخنساء,0.9987353086471558
البراق,5,دريد بن الصمة,0.9986269474029541
البسوس بنت منقذ التميمية,1,الربيع بن أبي الحقيق,0.9499486684799194
البسوس بنت منقذ التميمية,2,شمر الحنفي,0.9308194518089294
البسوس بنت منقذ التميمية,3,سلامة بن جندل,0.9280940294265747
البسوس بنت منقذ التميمية,4,ضمرة بن ضمرة,0.9278388023376465
البسوس بنت منقذ التميمية,5,يربوع بن حنظلة,0.9264905452728271
البُرجُمي,1,يزيد الشني,0.999260663986206
البُرجُمي,2,بشر بن أبي خازم,0.9991754293441772
البُرجُمي,3,الأفوة الأودي,0.9991120100021362
البُرجُمي,4,مالك بن حريم الهمداني,0.9990652203559875
البُرجُمي,5,طرفة بن العبد,0.9990273714065552
الجراح الهمداني,1,المتلمس الضبعي,0.9577330350875854
الجراح الهمداني,2,تأبط شراً,0.9573090672492981
الجراح الهمداني,3,دريد بن الصمة,0.9572216272354126
الجراح الهمداني,4,عروة بن الورد,0.9571549296379089
الجراح الهمداني,5,الطفيل الغنوي,0.9570561647415161
الجميح الأسدي,1,حاجز الأزدي,0.9930728077888489
الجميح الأسدي,2,محرز الضبي,0.9925475716590881
الجميح الأسدي,3,المرقش الأكبر,0.9924947023391724
الجميح الأسدي,4,الفند الزماني,0.9901365637779236
الجميح الأسدي,5,الأعسر الضبي,0.9883713722229004
الجندل الفزاري,1,يزيد بن الصعق,0.9881170988082886
الجندل الفزاري,2,يزيد ذو القفا,0.9857661128044128
الجندل الفزاري,3,أفنون,0.9832348227500916
الجندل الفزاري,4,يزيد بن سنان المري,0.9822324514389038
الجندل الفزاري,5,جحدر الوائلي,0.9792317748069763
الجوزاء بنت عروة البصرية,1,صيفي الأسلت,0.7276407480239868
الجوزاء بنت عروة البصرية,2,الحارث بن ظالم المري,0.7035227417945862
الجوزاء بنت عروة البصرية,3,ورقاء بن زهير,0.6517214775085449
الجوزاء بنت عروة البصرية,4,ذو الإصبع العدواني,0.6209030747413635
الجوزاء بنت عروة البصرية,5,المثلم بن قرط البلوي,0.6126276254653931
الجيداء بنت زاهر الزبيدية,1,الجميح الأسدي,0.9615628123283386
الجيداء بنت زاهر الزبيدية,2,محرز الضبي,0.9602203369140625
الجيداء بنت زاهر الزبيدية,3,عبد يغوث الحارثي,0.9599201679229736
الجيداء بنت زاهر الزبيدية,4,الحارث بن مر,0.9598115682601929
الجيداء بنت زاهر الزبيدية,5,أسماء التغلبية,0.9572212100028992
الحارث الجرمي,1,عروة بن الورد,0.9988182783126831
الحارث الجرمي,2,دريد بن الصمة,0.9986225366592407
الحارث الجرمي,3,الحصين بن حمام الفزاري,0.9984347820281982
الحارث الجرمي,4,علقمة الفحل,0.9983682632446289
الحارث الجرمي,5,طرفة بن العبد,0.998341977596283
الحارث الحضرمي,1,الأعرج المري,0.9985756874084473
الحارث الحضرمي,2,الممزق العبدي,0.9983745813369751
الحارث الحضرمي,3,السليك بن السلكة,0.9969778060913086
الحارث الحضرمي,4,أبو عدي النمري,0.9966906905174255
الحارث الحضرمي,5,جبر المعاوي,0.9963362216949463
الحارث المذحجي,1,يزيد الشني,0.9987318515777588
الحارث المذحجي,2,المثقب العبدي,0.9985862970352173
الحارث المذحجي,3,مالك بن حريم الهمداني,0.9984651803970337
الحارث المذحجي,4,أبو الحكيم المري,0.9984526634216309
الحارث المذحجي,5,بشر بن أبي خازم,0.9982858896255493
الحارث بن الحصين,1,العنبر الخضم,0.8594828844070435
الحارث بن الحصين,2,البسوس بنت منقذ التميمية,0.828761875629425
الحارث بن الحصين,3,الربيع بن أبي الحقيق,0.8243377208709717
الحارث بن الحصين,4,ضمرة بن ضمرة,0.8196571469306946
الحارث بن الحصين,5,الكذاب الكلبي,0.8162471055984497
الحارث بن حلزة,1,عمرو بن قميئة,0.9987610578536987
الحارث بن حلزة,2,لقيط بن زرارة,0.9987317323684692
الحارث بن حلزة,3,الأفوة الأودي,0.9985909461975098
الحارث بن حلزة,4,الخرنق بنت بدر,0.9985857605934143
الحارث بن حلزة,5,الخنساء,0.9985618591308594
الحارث بن زهير,1,امرؤ القيس السكوني,0.9565486311912537
الحارث بن زهير,2,الأشتر الحمامي,0.9545827507972717
الحارث بن زهير,3,الأعسر الضبي,0.9506543874740601
الحارث بن زهير,4,الجميح الأسدي,0.9498128890991211
الحارث بن زهير,5,ابن زرعة الباهلي,0.9496995806694031
الحارث بن صريم الوادعي,1,زبان بن سيار الفزاري,0.9956039786338806
الحارث بن صريم الوادعي,2,دوسر بن هذيل,0.9951833486557007
الحارث بن صريم الوادعي,3,زهير بن أبي سلمى,0.9951625466346741
الحارث بن صريم الوادعي,4,دريد بن الصمة,0.9947365522384644
الحارث بن صريم الوادعي,5,عروة بن الورد,0.9945428371429443
الحارث بن ظالم المري,1,صيفي الأسلت,0.8987588882446289
الحارث بن ظالم المري,2,ذو الإصبع العدواني,0.8638501763343811
الحارث بن ظالم المري,3,الربيع بن زياد العبسي,0.8305898904800415
الحارث بن ظالم المري,4,الغطمش الضبي,0.8210128545761108
الحارث بن ظالم المري,5,بلعاء بن قيس الكناني,0.8177789449691772
الحارث بن عباد,1,المثقب العبدي,0.9994715452194214
الحارث بن عباد,2,الأفوة الأودي,0.9993706941604614
الحارث بن عباد,3,عمرو بن كلثوم,0.9993073344230652
الحارث بن عباد,4,عمرو بن قميئة,0.9992833733558655
الحارث بن عباد,5,يزيد الشني,0.9992793798446655
الحارث بن مر,1,أسماء التغلبية,0.9763935804367065
الحارث بن مر,2,النابغة الغنوي,0.9709961414337158
الحارث بن مر,3,الأسلوم اليامي,0.9673201441764832
الحارث بن مر,4,الفند الزماني,0.9657328128814697
الحارث بن مر,5,عبد يغوث الحارثي,0.9632635712623596
الحسل الهمداني,1,جحيش الهمداني,0.9980539083480835
الحسل الهمداني,2,ذؤيب بن كعب,0.9973469972610474
الحسل الهمداني,3,الزفيان,0.9966433048248291
الحسل الهمداني,4,بيهس الفزاري,0.9964041709899902
الحسل الهمداني,5,الحارث المذحجي,0.9956400394439697
الحشاش الأصغر,1,علقمة الفحل,0.9978325366973877
الحشاش الأصغر,2,بيهس الغطفاني,0.997473418712616
الحشاش الأصغر,3,عنترة بن شداد,0.9972915649414062
الحشاش الأصغر,4,عدي بن ربيعة,0.9971425533294678
الحشاش الأصغر,5,دريد بن الصمة,0.9970755577087402
الحصين بن حمام الفزاري,1,أوس بن حجر,0.9997366666793823
الحصين بن حمام الفزاري,2,قيس بن الحدادية,0.9996998906135559
الحصين بن حمام الفزاري,3,النابغة الذبياني,0.999681293964386
الحصين بن حمام الفزاري,4,زيد الخيل الطائي,0.9995540976524353
الحصين بن حمام الفزاري,5,الطفيل الغنوي,0.999525785446167
الحكم الفزاري,1,أبو عدي النمري,0.9884273409843445
الحكم الفزاري,2,الحارث الحضرمي,0.9880275726318359
الحكم الفزاري,3,حاتم الطائي,0.9873690605163574
الحكم الفزاري,4,ثعلبة المازني,0.9869585037231445
الحكم الفزاري,5,بشر الفزاري,0.986574649810791
الخرنق بنت بدر,1,الأفوة الأودي,0.9992626905441284
الخرنق بنت بدر,2,الحارث بن عباد,0.999119758605957
الخرنق بنت بدر,3,عمرو بن قميئة,0.9991130828857422
الخرنق بنت بدر,4,السموأل,0.9989098310470581
الخرنق بنت بدر,5,الخنساء,0.9988842010498047
الخنساء,1,عنترة بن شداد,0.9995769262313843
الخنساء,2,زهير بن أبي سلمى,0.9994795322418213
الخنساء,3,عدي بن ربيعة,0.9994297027587891
الخنساء,4,عمرو بن قميئة,0.999364972114563
الخنساء,5,الأفوة الأودي,0.9993556141853333
الخنساء بنت التيجان,1,النابغة الغنوي,0.9643889665603638
الخنساء بنت التيجان,2,أسماء التغلبية,0.9628015756607056
الخنساء بنت التيجان,3,أبو المثلم الهذلي,0.9626169204711914
الخنساء بنت التيجان,4,قبيصة بن النصراني,0.9624598622322083
الخنساء بنت التيجان,5,الهجرس التغلبي,0.9615715742111206
الخنساء بنت زهير,1,صيفي الأسلت,0.48620185256004333
الخنساء بنت زهير,2,الربيع بن زياد العبسي,0.48171329498291016
الخنساء بنت زهير,3,المسجاح الضبي,0.47613075375556946
الخنساء بنت زهير,4,الأحبش التميمي,0.4745579957962036
الخنساء بنت زهير,5,ذو الإصبع العدواني,0.4712067246437073
الدحداحة الفقيمية,1,الحارث بن ظالم المري,0.6310858130455017
الدحداحة الفقيمية,2,ذو الإصبع العدواني,0.6090061068534851
الدحداحة الفقيمية,3,صيفي الأسلت,0.5996775031089783
الدحداحة الفقيمية,4,الهذلول بن كعب,0.5955742597579956
الدحداحة الفقيمية,5,الغطمش الضبي,0.5852489471435547
الدعجاء بنت وهب,1,صيفي الأسلت,0.7524487376213074
الدعجاء بنت وهب,2,ذو الإصبع العدواني,0.7332898378372192
الدعجاء بنت وهب,3,الحارث بن ظالم المري,0.7284029722213745
الدعجاء بنت وهب,4,الربيع بن زياد العبسي,0.719553530216217
الدعجاء بنت وهب,5,بلعاء بن قيس الكناني,0.6830503940582275
الدهنا بنت مسحل,1,المثلم بن عمرو التنوخي,0.582909345626831
الدهنا بنت مسحل,2,بلعاء بن قيس الكناني,0.5569857954978943
الدهنا بنت مسحل,3,الحارث بن ظالم المري,0.5530738830566406
الدهنا بنت مسحل,4,بغثر بن لقيط الأسدي,0.5324276685714722
الدهنا بنت مسحل,5,الربيع بن زياد العبسي,0.5254054069519043
الراشاء بن نهار,1,الربيع بن زياد الكلبي,0.8123802542686462
الراشاء بن نهار,2,هناءة بن مالك الأزدي,0.8080617189407349
الراشاء بن نهار,3,الربيع بن أبي الحقيق,0.7978408932685852
الراشاء بن نهار,4,الأسود النهشلي,0.796356737613678
الراشاء بن نهار,5,بشير بن النكث,0.7942572832107544
الراعي المري,1,الأسود النهشلي,0.8632343411445618
الراعي المري,2,الربيع بن أبي الحقيق,0.8590050339698792
الراعي المري,3,ضمرة بن ضمرة,0.8524450659751892
الراعي المري,4,البسوس بنت منقذ التميمية,0.8451125621795654
الراعي المري,5,الهبل بن عامر,0.8444235324859619
الراعي الهمداني,1,المثقب العبدي,0.9979044198989868
الراعي الهمداني,2,يزيد الأرحبي,0.9976750612258911
الراعي الهمداني,3,بشر بن أبي خازم,0.997562050819397
الراعي الهمداني,4,عمرو بن قميئة,0.9974628686904907
الراعي الهمداني,5,أبو الحكيم المري,0.9974112510681152
الربيع بن أبي الحقيق,1,الجميح الأسدي,0.9679872989654541
الربيع بن أبي الحقيق,2,الأسود النهشلي,0.9673154950141907
الربيع بن أبي الحقيق,3,سلامة بن جندل,0.9672565460205078
الربيع بن أبي الحقيق,4,المرقش الأكبر,0.9615308046340942
الربيع بن أبي الحقيق,5,هناءة بن مالك الأزدي,0.9605981111526489
الربيع بن زياد العبسي,1,بلعاء بن قيس الكناني,0.9198216199874878
الربيع بن زياد العبسي,2,ذو الإصبع العدواني,0.9108356237411499
الربيع بن زياد العبسي,3,الأسود النهشلي,0.9012696146965027
الربيع بن زياد العبسي,4,أبو قيس بن رفاعة,0.892018735408783
الربيع بن زياد العبسي,5,أعشى باهلة,0.884373664855957
الربيع بن زياد الكلبي,1,حاجز الأزدي,0.9311556816101074
الربيع بن زياد الكلبي,2,الجميح الأسدي,0.926385223865509
الربيع بن زياد الكلبي,3,المرقش الأكبر,0.925970196723938
الربيع بن زياد الكلبي,4,ابن زرعة الباهلي,0.924470841884613
الربيع بن زياد الكلبي,5,ابن المضلَّل,0.9243465065956116
الربيع بن عقيل,1,الأسود النهشلي,0.8976122140884399
الربيع بن عقيل,2,ضمرة بن ضمرة,0.8953819274902344
الربيع بن عقيل,3,الربيع بن أبي الحقيق,0.89213627576828
الربيع بن عقيل,4,أم الضحاك المحاربية,0.8867902755737305
الربيع بن عقيل,5,سلامة بن جندل,0.8842219114303589
الزفيان,1,ابو دُاود الإيادي,0.9983755350112915
الزفيان,2,جحيش الهمداني,0.997572660446167
الزفيان,3,الحارث المذحجي,0.9972585439682007
الزفيان,4,صخر الغي,0.9970306754112244
الزفيان,5,يزيد الشني,0.9968593716621399
السفاح التغلبي,1,صخر الغي,0.9972437620162964
السفاح التغلبي,2,المسيب بن علس,0.997005820274353
السفاح التغلبي,3,الحارث بن عباد,0.996881365776062
السفاح التغلبي,4,ابو دُاود الإيادي,0.9968591332435608
السفاح التغلبي,5,الحارث المذحجي,0.9968491792678833
السلكة أم السليك,1,ابن جوين الطائي,0.9819866418838501
السلكة أم السليك,2,ابن مالك الحميري,0.9811874628067017
السلكة أم السليك,3,الفند الزماني,0.9778242111206055
السلكة أم السليك,4,الأعسر الضبي,0.9737542271614075
السلكة أم السليك,5,جحيش الهمداني,0.9731711745262146
السليك بن السلكة,1,تأبط شراً,0.9993857145309448
السليك بن السلكة,2,سنان المري,0.9993385076522827
السليك بن السلكة,3,الكلحبة العرني,0.9990435242652893
السليك بن السلكة,4,الطفيل الغنوي,0.9990284442901611
السليك بن السلكة,5,المعان بن روق,0.9990203380584717
السموأل,1,طرفة بن العبد,0.9996417164802551
السموأل,2,زهير بن أبي سلمى,0.9996305704116821
السموأل,3,الأفوة الأودي,0.9995226860046387
السموأل,4,دريد بن الصمة,0.9995192885398865
السموأل,5,عمرو بن قميئة,0.999516487121582
الشنفرى,1,المتنخل,0.9972667694091797
الشنفرى,2,امرؤ القيس,0.9971424341201782
الشنفرى,3,الخنساء,0.9970294833183289
الشنفرى,4,عدي بن زيد,0.9969766736030579
الشنفرى,5,الحارث بن حلزة,0.9966797232627869
الطفيل الغنوي,1,أوس بن حجر,0.9997530579566956
الطفيل الغنوي,2,زيد الخيل الطائي,0.9997258186340332
الطفيل الغنوي,3,قيس بن الحدادية,0.999657154083252
الطفيل الغنوي,4,تأبط شراً,0.9996364116668701
الطفيل الغنوي,5,عروة بن الورد,0.9995442628860474
العجلان بن خليد,1,هبل الكلبي,0.9770333170890808
العجلان بن خليد,2,أبو عدي النمري,0.9688988924026489
العجلان بن خليد,3,الأسفع الأرحبي,0.9672618508338928
العجلان بن خليد,4,ثعلبة المازني,0.9660786390304565
العجلان بن خليد,5,الحكم الفزاري,0.9655452966690063
العقار بن سليل,1,دريد بن الصمة,0.9981235861778259
العقار بن سليل,2,علقمة الفحل,0.9979713559150696
العقار بن سليل,3,الحارث الجرمي,0.9976661801338196
العقار بن سليل,4,عروة بن الورد,0.9976651072502136
العقار بن سليل,5,عنترة بن شداد,0.9973734617233276
العنبر الخضم,1,يربوع بن حنظلة,0.9674171805381775
العنبر الخضم,2,لقيط بن يعمر الإيادي,0.9583685398101807
العنبر الخضم,3,بكر الجرهمي,0.9520009756088257
العنبر الخضم,4,أم أبي جدابة,0.9426771998405457
العنبر الخضم,5,المرقش الأكبر,0.9425783157348633
العوراء الذبيانية,1,الزفيان,0.9847667217254639
العوراء الذبيانية,2,السفاح التغلبي,0.9835047721862793
العوراء الذبيانية,3,ذؤيب بن كعب,0.982869029045105
العوراء الذبيانية,4,ابو دُاود الإيادي,0.982134222984314
العوراء الذبيانية,5,هبيرة المري,0.981956958770752
العوراء اليربوعية,1,هناءة بن مالك الأزدي,0.901073694229126
العوراء اليربوعية,2,سلامة بن جندل,0.8968099355697632
العوراء اليربوعية,3,الربيع بن أبي الحقيق,0.8965643644332886
العوراء اليربوعية,4,الأسود النهشلي,0.8926562070846558
العوراء اليربوعية,5,الفند الزماني,0.8911855816841125
الغطمش الضبي,1,ذو الإصبع العدواني,0.8533875942230225
الغطمش الضبي,2,بلعاء بن قيس الكناني,0.8504003286361694
الغطمش الضبي,3,الحارث بن ظالم المري,0.8210128545761108
الغطمش الضبي,4,صيفي الأسلت,0.8146556615829468
الغطمش الضبي,5,الربيع بن زياد العبسي,0.8134125471115112
الفارعة بنت معاوية,1,الحارث بن ظالم المري,0.6791651248931885
الفارعة بنت معاوية,2,يزيد بن قنافة,0.6425992250442505
الفارعة بنت معاوية,3,الدعجاء بنت وهب,0.6152780652046204
الفارعة بنت معاوية,4,صيفي الأسلت,0.6004679203033447
الفارعة بنت معاوية,5,الهذلول بن كعب,0.5978288650512695
الفند الزماني,1,حاجز الأزدي,0.9937088489532471
الفند الزماني,2,المرقش الأكبر,0.9919734001159668
الفند الزماني,3,ابن المضلَّل,0.9918801784515381
الفند الزماني,4,جحيش الهمداني,0.9903991222381592
الفند الزماني,5,الجميح الأسدي,0.9901365637779236
القعقاع بن شبث اليهودي,1,ياسر الخيبري,0.6110228300094604
القعقاع بن شبث اليهودي,2,أوس بن حارثة,0.6091828346252441
القعقاع بن شبث اليهودي,3,الربيع بن زياد العبسي,0.6029874682426453
القعقاع بن شبث اليهودي,4,ذو الإصبع العدواني,0.5995068550109863
القعقاع بن شبث اليهودي,5,الحارث بن ظالم المري,0.5973368287086487
الكذاب الطابخي,1,سلامة بن جندل,0.8426239490509033
الكذاب الطابخي,2,ابن الأطنابة,0.8410193920135498
الكذاب الطابخي,3,الجميح الأسدي,0.8375059962272644
الكذاب الطابخي,4,الحارث بن زهير,0.8366587162017822
الكذاب الطابخي,5,ابن عليق الطائي,0.8365036249160767
الكذاب الكلبي,1,العنبر الخضم,0.9048291444778442
الكذاب الكلبي,2,يربوع بن حنظلة,0.902917742729187
الكذاب الكلبي,3,المرقش الأكبر,0.9010162353515625
الكذاب الكلبي,4,الربيع بن أبي الحقيق,0.8970662355422974
الكذاب الكلبي,5,لقيط بن يعمر الإيادي,0.8951762318611145
الكلحبة العرني,1,أبو بثينه الهذلي,0.999443531036377
الكلحبة العرني,2,سنان المري,0.9993120431900024
الكلحبة العرني,3,النابغة التغلبي,0.9991824626922607
الكلحبة العرني,4,أوس الهجيمي,0.9991734027862549
الكلحبة العرني,5,أبو حسان الفزاري,0.9991450309753418
المتلمس الضبعي,1,الطفيل الغنوي,0.9993272423744202
المتلمس الضبعي,2,زيد الخيل الطائي,0.9992006421089172
المتلمس الضبعي,3,تأبط شراً,0.9991950392723083
المتلمس الضبعي,4,عروة بن الورد,0.9991933107376099
المتلمس الضبعي,5,قيس بن الحدادية,0.9990871548652649
المتنخل,1,الخنساء,0.9989804029464722
المتنخل,2,الأفوة الأودي,0.9988535046577454
المتنخل,3,السموأل,0.9986868500709534
المتنخل,4,طرفة بن العبد,0.9986640810966492
المتنخل,5,عمرو بن قميئة,0.9986493587493896
المثقب العبدي,1,يزيد الشني,0.9995673894882202
المثقب العبدي,2,مالك بن حريم الهمداني,0.999527633190155
المثقب العبدي,3,الحارث بن عباد,0.9994715452194214
المثقب العبدي,4,بشر بن أبي خازم,0.9994548559188843
المثقب العبدي,5,عمرو بن كلثوم,0.9993323087692261
المثلم الفزاري,1,الهجرس التغلبي,0.9943289756774902
المثلم الفزاري,2,نهيكة الفزاري,0.9939966201782227
المثلم الفزاري,3,جبار الفزاري,0.9924679398536682
المثلم الفزاري,4,الأشعث الجاشي,0.9921619892120361
المثلم الفزاري,5,المتلمس الضبعي,0.9921602010726929
المثلم المري,1,زبان بن سيار الفزاري,0.9971914291381836
المثلم المري,2,بشر بن أبي خازم,0.9968152046203613
المثلم المري,3,زهير بن أبي سلمى,0.9967647790908813
المثلم المري,4,الخنساء,0.9966834187507629
المثلم المري,5,عنترة بن شداد,0.996425449848175
المثلم بن عمرو التنوخي,1,بلعاء بن قيس الكناني,0.6674829125404358
المثلم بن عمرو التنوخي,2,الحارث بن ظالم المري,0.6640784740447998
المثلم بن عمرو التنوخي,3,الربيع بن زياد العبسي,0.6486961841583252
المثلم بن عمرو التنوخي,4,صيفي الأسلت,0.6241259574890137
المثلم بن عمرو التنوخي,5,أبو قيس بن رفاعة,0.6179376244544983
المثلم بن قرط البلوي,1,صيفي الأسلت,0.7892857193946838
المثلم بن قرط البلوي,2,الحارث بن ظالم المري,0.7777361869812012
المثلم بن قرط البلوي,3,ذو الإصبع العدواني,0.7673422694206238
المثلم بن قرط البلوي,4,ورقاء بن زهير,0.7288060188293457
المثلم بن قرط البلوي,5,الغطمش الضبي,0.7216473817825317
المحيا الهمداني,1,جابر المري,0.9999999403953552
المحيا الهمداني,2,بيهس الفزاري,0.9992021918296814
المحيا الهمداني,3,المفضل النكري,0.9971316456794739
المحيا الهمداني,4,يزيد الأرحبي,0.9971098899841309
المحيا الهمداني,5,النابغة التغلبي,0.9970613718032837
المرار الكلبي,1,أزبر بن غزي,0.6251786947250366
المرار الكلبي,2,الحارث بن الحصين,0.5769283771514893
المرار الكلبي,3,هشام المري,0.5372861623764038
المرار الكلبي,4,العجلان بن خليد,0.5311185121536255
المرار الكلبي,5,أروى بنت الحباب,0.5243180990219116
المرقش الأصغر,1,الأعسر الضبي,0.9862631559371948
المرقش الأصغر,2,المرقش الأكبر,0.9846446514129639
المرقش الأصغر,3,حاجز الأزدي,0.9833247065544128
المرقش الأصغر,4,الجميح الأسدي,0.982576847076416
المرقش الأصغر,5,ابن زرعة الباهلي,0.9823043346405029
المرقش الأكبر,1,حاجز الأزدي,0.9957278370857239
المرقش الأكبر,2,امرؤ القيس,0.992972731590271
المرقش الأكبر,3,عدي بن زيد,0.9927917718887329
المرقش الأكبر,4,الجميح الأسدي,0.9924947023391724
المرقش الأكبر,5,الفند الزماني,0.9919734001159668
المسجاح الضبي,1,ذو الإصبع العدواني,0.6109433174133301
المسجاح الضبي,2,صيفي الأسلت,0.5721738338470459
المسجاح الضبي,3,الربيع بن زياد العبسي,0.5703122615814209
المسجاح الضبي,4,بلعاء بن قيس الكناني,0.5648288130760193
المسجاح الضبي,5,الغطمش الضبي,0.5595051646232605
المسيب بن علس,1,مالك بن حريم الهمداني,0.9989213943481445
المسيب بن علس,2,الحارث بن عباد,0.998915433883667
المسيب بن علس,3,عمرو بن كلثوم,0.998884379863739
المسيب بن علس,4,المثقب العبدي,0.9988577961921692
المسيب بن علس,5,عدي بن ربيعة,0.9987708330154419
المشؤوم,1,جساس بن مرة,0.9964195489883423
المشؤوم,2,عنترة بن شداد,0.9962437152862549
المشؤوم,3,زبان بن سيار الفزاري,0.9959709644317627
المشؤوم,4,علقمة الفحل,0.9959272146224976
المشؤوم,5,البراق,0.9958887100219727
المعان بن روق,1,امرؤ القيس الزهيري,0.9999734163284302
المعان بن روق,2,هند الفزارية,0.9998835921287537
المعان بن روق,3,أبو حسان الفزاري,0.9993361234664917
المعان بن روق,4,ابن كلاب العقيلي,0.9993360638618469
المعان بن روق,5,الأشعث الجاشي,0.999148964881897
المفضل النكري,1,أبو اللحام التغلبي,0.9985862970352173
المفضل النكري,2,مالك بن حريم الهمداني,0.9985177516937256
المفضل النكري,3,أبو الحكيم المري,0.9982560873031616
المفضل النكري,4,ثعلبة المازني,0.998245120048523
المفضل النكري,5,البُرجُمي,0.998222291469574
الممزق العبدي,1,الحارث الحضرمي,0.9983745813369751
الممزق العبدي,2,السليك بن السلكة,0.9981850385665894
الممزق العبدي,3,الأعرج المري,0.9981383085250854
الممزق العبدي,4,الطفيل الغنوي,0.997779130935669
الممزق العبدي,5,تأبط شراً,0.9977616667747498
المنخل اليشكري,1,ابو دُاود الإيادي,0.9972938895225525
المنخل اليشكري,2,معقر بن حمار البارقي,0.9971224069595337
المنخل اليشكري,3,عنترة بن شداد,0.9964813590049744
المنخل اليشكري,4,عدي بن ربيعة,0.9964097738265991
المنخل اليشكري,5,امرؤ القيس,0.9963786602020264
النابغة التغلبي,1,ابن كلاب العقيلي,0.9998757839202881
النابغة التغلبي,2,أبو حسان الفزاري,0.9998757839202881
النابغة التغلبي,3,الكلحبة العرني,0.9991824626922607
النابغة التغلبي,4,سنان المري,0.9990293979644775
النابغة التغلبي,5,أوس الهجيمي,0.9989432096481323
النابغة الحارثي,1,عدي بن زيد,0.9946835041046143
النابغة الحارثي,2,الخرنق بنت بدر,0.9945603609085083
النابغة الحارثي,3,الخنساء,0.994504988193512
النابغة الحارثي,4,أحيحة بن الجلاح,0.9944952726364136
النابغة الحارثي,5,المتنخل,0.9942553043365479
النابغة الذبياني,1,قيس بن الحدادية,0.9997591972351074
النابغة الذبياني,2,الحصين بن حمام الفزاري,0.999681293964386
النابغة الذبياني,3,عروة بن الورد,0.9996430277824402
النابغة الذبياني,4,أوس بن حجر,0.9996175765991211
النابغة الذبياني,5,طرفة بن العبد,0.9995936155319214
النابغة الغنوي,1,الهجرس التغلبي,0.9971709251403809
النابغة الغنوي,2,أبو بثينه الهذلي,0.9895032644271851
النابغة الغنوي,3,قبيصة بن النصراني,0.9883631467819214
النابغة الغنوي,4,نهيكة الفزاري,0.987921416759491
النابغة الغنوي,5,أسماء التغلبية,0.987861156463623
النوار الجل,1,عبد يغوث الحارثي,0.9567768573760986
النوار الجل,2,الحارث بن مر,0.9494428634643555
النوار الجل,3,أسماء التغلبية,0.9484125971794128
النوار الجل,4,الجميح الأسدي,0.9462228417396545
النوار الجل,5,محرز الضبي,0.9438143372535706
الهبل بن عامر,1,هناءة بن مالك الأزدي,0.9496196508407593
الهبل بن عامر,2,جبار بن قرط,0.9470734596252441
الهبل بن عامر,3,الجميح الأسدي,0.9453074932098389
الهبل بن عامر,4,الربيع بن أبي الحقيق,0.9428931474685669
الهبل بن عامر,5,محرز الضبي,0.9377721548080444
الهجرس التغلبي,1,النابغة الغنوي,0.9971709251403809
الهجرس التغلبي,2,نهيكة الفزاري,0.9957664012908936
الهجرس التغلبي,3,أبو بثينه الهذلي,0.9946613311767578
الهجرس التغلبي,4,المثلم الفزاري,0.9943289756774902
الهجرس التغلبي,5,قبيصة بن النصراني,0.9922318458557129
الهدم بن امرئ القيس,1,الأسود النهشلي,0.8975965976715088
الهدم بن امرئ القيس,2,ضمرة بن ضمرة,0.8852211833000183
الهدم بن امرئ القيس,3,الربيع بن أبي الحقيق,0.8742643594741821
الهدم بن امرئ القيس,4,أبو قيس بن رفاعة,0.8621424436569214
الهدم بن امرئ القيس,5,الهبل بن عامر,0.8601874113082886
الهذلول بن كعب,1,الحارث بن ظالم المري,0.7870444059371948
الهذلول بن كعب,2,ذو الإصبع العدواني,0.7278923988342285
الهذلول بن كعب,3,صيفي الأسلت,0.7187097072601318
الهذلول بن كعب,4,بلعاء بن قيس الكناني,0.6907055974006653
الهذلول بن كعب,5,الربيع بن زياد العبسي,0.6903488636016846
الهذيل الأكبر التغلبي,1,المتلمس الضبعي,0.9915350675582886
الهذيل الأكبر التغلبي,2,زبان بن سيار الفزاري,0.9914456009864807
الهذيل الأكبر التغلبي,3,دريد بن الصمة,0.9911969304084778
الهذيل الأكبر التغلبي,4,زهير بن أبي سلمى,0.9911851286888123
الهذيل الأكبر التغلبي,5,ابن العجلان النهدي,0.9910163283348083
الهذيل بن أم عفاش,1,ثعلبة بن بكر الأزدي,0.8005623817443848
الهذيل بن أم عفاش,2,هناءة بن مالك الأزدي,0.7975317239761353
الهذيل بن أم عفاش,3,الأشتر الحمامي,0.7719013690948486
الهذيل بن أم عفاش,4,أبو الذيال اليهودي,0.754802942276001
الهذيل بن أم عفاش,5,الربيع بن أبي الحقيق,0.7502432465553284
الهيبان الفهمي,1,الأسود النهشلي,0.8742703199386597
الهيبان الفهمي,2,أبو الفضل الكناني,0.8652669787406921
الهيبان الفهمي,3,الربيع بن أبي الحقيق,0.8631224632263184
الهيبان الفهمي,4,بشامة بن الغدير,0.8618820309638977
الهيبان الفهمي,5,المرقش الأكبر,0.8554319143295288
الهيفاء بنت صبيح القضاعية,1,أوس العبدي,0.8645310401916504
الهيفاء بنت صبيح القضاعية,2,أبو المثلم الهذلي,0.8631551265716553
الهيفاء بنت صبيح القضاعية,3,الخنساء بنت التيجان,0.861571729183197
الهيفاء بنت صبيح القضاعية,4,هبل الكلبي,0.8614577054977417
الهيفاء بنت صبيح القضاعية,5,المرقش الأكبر,0.8611149787902832
الوقي الهمداني,1,الزفيان,0.9833890199661255
الوقي الهمداني,2,ابو دُاود الإيادي,0.9831226468086243
الوقي الهمداني,3,بيهس الفزاري,0.9827905297279358
الوقي الهمداني,4,السفاح التغلبي,0.9826890230178833
الوقي الهمداني,5,الحارث المذحجي,0.9821188449859619
امرؤ القيس,1,عدي بن زيد,0.9994444847106934
امرؤ القيس,2,الخنساء,0.9990885257720947
امرؤ القيس,3,عنترة بن شداد,0.9988806247711182
امرؤ القيس,4,عدي بن ربيعة,0.9986296892166138
امرؤ القيس,5,أحيحة بن الجلاح,0.9984323978424072
امرؤ القيس الزهيري,1,المعان بن روق,0.9999734163284302
امرؤ القيس الزهيري,2,هند الفزارية,0.9999346733093262
امرؤ القيس الزهيري,3,الأشعث الجاشي,0.9994120597839355
امرؤ القيس الزهيري,4,جبار الفزاري,0.9990447759628296
امرؤ القيس الزهيري,5,أبو حسان الفزاري,0.99904465675354
امرؤ القيس السكوني,1,ابن زرعة الباهلي,0.9851788878440857
امرؤ القيس السكوني,2,الأعسر الضبي,0.9839807748794556
امرؤ القيس السكوني,3,حاجز الأزدي,0.9827752113342285
امرؤ القيس السكوني,4,الجميح الأسدي,0.9819415211677551
امرؤ القيس السكوني,5,الفند الزماني,0.9805561304092407
امرؤ القيس الكلبي,1,بشر الفزاري,0.9952352046966553
امرؤ القيس الكلبي,2,النابغة الذبياني,0.9945060610771179
امرؤ القيس الكلبي,3,بشر بن عمرو,0.9944429397583008
امرؤ القيس الكلبي,4,الحصين بن حمام الفزاري,0.9943704009056091
امرؤ القيس الكلبي,5,عروة بن الورد,0.9943395853042603
بداء بن سليمان,1,البُرجُمي,0.9984685182571411
بداء بن سليمان,2,يزيد الشني,0.9981951713562012
بداء بن سليمان,3,بشر بن أبي خازم,0.9977478981018066
بداء بن سليمان,4,أعصر بن سعد,0.9975552558898926
بداء بن سليمان,5,المثقب العبدي,0.9974993467330933
بدر الفزاري,1,المتلمس الضبعي,0.9925544261932373
بدر الفزاري,2,نهيكة الفزاري,0.9923732280731201
بدر الفزاري,3,تأبط شراً,0.9919273257255554
بدر الفزاري,4,الطفيل الغنوي,0.9918151497840881
بدر الفزاري,5,زيد الخيل الطائي,0.9915673732757568
برة بنت عبد المطلب,1,الفند الزماني,0.9567796587944031
برة بنت عبد المطلب,2,حاجز الأزدي,0.9552636742591858
برة بنت عبد المطلب,3,الأعسر الضبي,0.95497727394104
برة بنت عبد المطلب,4,ابن زرعة الباهلي,0.9526351690292358
برة بنت عبد المطلب,5,المرقش الأصغر,0.9517134428024292
بسام بن شريح,1,الحارث بن زهير,0.8139294385910034
بسام بن شريح,2,ابن الأطنابة,0.7891637682914734
بسام بن شريح,3,ابن عليق الطائي,0.7776690721511841
بسام بن شريح,4,سلامة بن جندل,0.7770101428031921
بسام بن شريح,5,الأسود النهشلي,0.7761068344116211
بشامة بن الغدير,1,المرقش الأكبر,0.9898666143417358
بشامة بن الغدير,2,امرؤ القيس,0.9882881045341492
بشامة بن الغدير,3,حاجز الأزدي,0.9882619380950928
بشامة بن الغدير,4,عدي بن زيد,0.987977921962738
بشامة بن الغدير,5,أبو المثلم الهذلي,0.9877958297729492
بشر الفزاري,1,النابغة الذبياني,0.9985931515693665
بشر الفزاري,2,الأضبط السعدي,0.9982751607894897
بشر الفزاري,3,قيس بن الحدادية,0.9982243180274963
بشر الفزاري,4,عروة بن الورد,0.9981842637062073
بشر الفزاري,5,السموأل,0.9981160163879395
بشر بن أبي خازم,1,عمرو بن كلثوم,0.999640941619873
بشر بن أبي خازم,2,زهير بن أبي سلمى,0.9996230006217957
بشر بن أبي خازم,3,عمرو بن قميئة,0.9995719790458679
بشر بن أبي خازم,4,المثقب العبدي,0.9994548559188843
بشر بن أبي خازم,5,زبان بن سيار الفزاري,0.9993388056755066
بشر بن عمرو,1,النابغة الذبياني,0.9979859590530396
بشر بن عمرو,2,الحصين بن حمام الفزاري,0.9977346062660217
بشر بن عمرو,3,قيس بن الحدادية,0.9977186322212219
بشر بن عمرو,4,الطفيل الغنوي,0.9976560473442078
بشر بن عمرو,5,أوس بن حجر,0.997599720954895
بشير بن النكث,1,سلامة بن جندل,0.9377546906471252
بشير بن النكث,2,الفند الزماني,0.9297130107879639
بشير بن النكث,3,هناءة بن مالك الأزدي,0.9277137517929077
بشير بن النكث,4,الربيع بن أبي الحقيق,0.9272898435592651
بشير بن النكث,5,امرؤ القيس السكوني,0.9259045124053955
بغثر بن لقيط الأسدي,1,بلعاء بن قيس الكناني,0.8705132007598877
بغثر بن لقيط الأسدي,2,ضمرة بن ضمرة,0.8574386239051819
بغثر بن لقيط الأسدي,3,الربيع بن زياد العبسي,0.8528921604156494
بغثر بن لقيط الأسدي,4,الأسود النهشلي,0.8516272902488708
بغثر بن لقيط الأسدي,5,أبو قيس بن رفاعة,0.8446131944656372
بكر الجرهمي,1,لقيط بن يعمر الإيادي,0.9973742365837097
بكر الجرهمي,2,بيهس الغطفاني,0.996813178062439
بكر الجرهمي,3,ابن المضلَّل,0.994385838508606
بكر الجرهمي,4,معقر بن حمار البارقي,0.994027316570282
بكر الجرهمي,5,أحيحة بن الجلاح,0.9935587644577026
بلعاء بن قيس الكناني,1,الربيع بن زياد العبسي,0.9198216199874878
بلعاء بن قيس الكناني,2,ذو الإصبع العدواني,0.9135875701904297
بلعاء بن قيس الكناني,3,أبو قيس بن رفاعة,0.9096198081970215
بلعاء بن قيس الكناني,4,الأسود النهشلي,0.8931253552436829
بلعاء بن قيس الكناني,5,ضمرة بن ضمرة,0.8801015615463257
بيهس الغطفاني,1,معقر بن حمار البارقي,0.9979050755500793
بيهس الغطفاني,2,علقمة الفحل,0.997592568397522
بيهس الغطفاني,3,الحشاش الأصغر,0.997473418712616
بيهس الغطفاني,4,أحيحة بن الجلاح,0.9969415068626404
بيهس الغطفاني,5,عنترة بن شداد,0.9968464970588684
بيهس الفزاري,1,المحيا الهمداني,0.9992021918296814
بيهس الفزاري,2,جابر المري,0.9992021918296814
بيهس الفزاري,3,يزيد الأرحبي,0.998450517654419
بيهس الفزاري,4,أبو الحكيم المري,0.9983566999435425
بيهس الفزاري,5,النابغة التغلبي,0.9982483386993408
تأبط شراً,1,زيد الخيل الطائي,0.9996809959411621
تأبط شراً,2,الطفيل الغنوي,0.9996364116668701
تأبط شراً,3,أوس بن حجر,0.9996296763420105
تأبط شراً,4,السليك بن السلكة,0.9993857145309448
تأبط شراً,5,قيس بن الحدادية,0.9993664026260376
تماضر بنت الشريد,1,المرقش الأكبر,0.9647220373153687
تماضر بنت الشريد,2,بشامة بن الغدير,0.9642248749732971
تماضر بنت الشريد,3,حاجز الأزدي,0.9624539613723755
تماضر بنت الشريد,4,جبلة بن الحارث,0.961746871471405
تماضر بنت الشريد,5,امرؤ القيس,0.961436927318573
تنها بنت قرط العبدية,1,الفند الزماني,0.9475948214530945
تنها بنت قرط العبدية,2,المرقش الأكبر,0.9382642507553101
تنها بنت قرط العبدية,3,الجميح الأسدي,0.9378905296325684
تنها بنت قرط العبدية,4,سلامة بن جندل,0.9362607002258301
تنها بنت قرط العبدية,5,شمر الحنفي,0.9348812103271484
ثعلبة المازني,1,المفضل النكري,0.998245120048523
ثعلبة المازني,2,أبو اللحام التغلبي,0.9981627464294434
ثعلبة المازني,3,البُرجُمي,0.9970489740371704
ثعلبة المازني,4,أبو قلابة الهذلي,0.9970217943191528
ثعلبة المازني,5,طرفة بن العبد,0.9969550967216492
ثعلبة بن بكر الأزدي,1,هناءة بن مالك الأزدي,0.9452139139175415
ثعلبة بن بكر الأزدي,2,الهبل بن عامر,0.9253480434417725
ثعلبة بن بكر الأزدي,3,الأشتر الحمامي,0.9204444885253906
ثعلبة بن بكر الأزدي,4,امرؤ القيس السكوني,0.9192545413970947
ثعلبة بن بكر الأزدي,5,الربيع بن أبي الحقيق,0.9184962511062622
ثعلبة بن عامر,1,الربيع بن أبي الحقيق,0.8441876173019409
ثعلبة بن عامر,2,الأسود النهشلي,0.8330894112586975
ثعلبة بن عامر,3,المرقش الأكبر,0.823427140712738
ثعلبة بن عامر,4,العنبر الخضم,0.823032796382904
ثعلبة بن عامر,5,تماضر بنت الشريد,0.821091890335083
جابر المرني,1,امرؤ القيس الكلبي,0.8832976818084717
جابر المرني,2,جبلة بن الحارث,0.8741934299468994
جابر المرني,3,جحدر الوائلي,0.8717412948608398
جابر المرني,4,الأخنس التغلبي,0.8705148696899414
جابر المرني,5,قس بن ساعدة,0.8701521158218384
جابر المري,1,المحيا الهمداني,0.9999999403953552
جابر المري,2,بيهس الفزاري,0.9992021918296814
جابر المري,3,المفضل النكري,0.9971316456794739
جابر المري,4,يزيد الأرحبي,0.9971098899841309
جابر المري,5,النابغة التغلبي,0.9970613718032837
جبار الفزاري,1,الأشعث الجاشي,0.9999483823776245
جبار الفزاري,2,هند الفزارية,0.9992368221282959
جبار الفزاري,3,امرؤ القيس الزهيري,0.9990447759628296
جبار الفزاري,4,المعان بن روق,0.9987097978591919
جبار الفزاري,5,ابن شعواء الفزاري,0.9982303380966187
جبار بن قرط,1,الهبل بن عامر,0.9470734596252441
جبار بن قرط,2,سلامة بن جندل,0.9400604963302612
جبار بن قرط,3,الربيع بن أبي الحقيق,0.934135913848877
جبار بن قرط,4,الجميح الأسدي,0.9337694644927979
جبار بن قرط,5,هناءة بن مالك الأزدي,0.9337140321731567
جبر المعاوي,1,أوس بن حجر,0.9992771744728088
جبر المعاوي,2,تأبط شراً,0.9992163181304932
جبر المعاوي,3,زيد الخيل الطائي,0.9991671442985535
جبر المعاوي,4,عروة بن الورد,0.99903804063797
جبر المعاوي,5,النابغة الذبياني,0.9990237951278687
جبلة بن الحارث,1,ذؤيب بن كعب,0.9905929565429688
جبلة بن الحارث,2,صخر الغي,0.9896752834320068
جبلة بن الحارث,3,الزفيان,0.9896498322486877
جبلة بن الحارث,4,امرؤ القيس,0.989639937877655
جبلة بن الحارث,5,عدي بن زيد,0.9895317554473877
جحدر الوائلي,1,زبان بن سيار الفزاري,0.9951789379119873
جحدر الوائلي,2,المثلم المري,0.9947264194488525
جحدر الوائلي,3,البراق,0.9947130680084229
جحدر الوائلي,4,عنترة بن شداد,0.9947102665901184
جحدر الوائلي,5,عروة بن الورد,0.9946244955062866
جحيش الهمداني,1,ذؤيب بن كعب,0.9984839558601379
جحيش الهمداني,2,الحسل الهمداني,0.9980539083480835
جحيش الهمداني,3,الزفيان,0.997572660446167
جحيش الهمداني,4,ابو دُاود الإيادي,0.9955040812492371
جحيش الهمداني,5,لقيط بن زرارة,0.9952642917633057
جساس بن مرة,1,أحيحة بن الجلاح,0.9980887174606323
جساس بن مرة,2,الخنساء,0.9980789422988892
جساس بن مرة,3,عمرو بن قميئة,0.9977915287017822
جساس بن مرة,4,زهير بن أبي سلمى,0.9977806210517883
جساس بن مرة,5,الأفوة الأودي,0.9976087808609009
حاتم الطائي,1,عروة بن الورد,0.9991919994354248
حاتم الطائي,2,النابغة الذبياني,0.9989933967590332
حاتم الطائي,3,زيد الخيل الطائي,0.9989185929298401
حاتم الطائي,4,أوس بن حجر,0.9989096522331238
حاتم الطائي,5,طرفة بن العبد,0.9988732933998108
حاجز الأزدي,1,امرؤ القيس,0.9961771965026855
حاجز الأزدي,2,معقر بن حمار البارقي,0.9957709908485413
حاجز الأزدي,3,المرقش الأكبر,0.9957278370857239
حاجز الأزدي,4,ابن المضلَّل,0.9954900145530701
حاجز الأزدي,5,عدي بن زيد,0.9953327775001526
دريد بن الصمة,1,زهير بن أبي سلمى,0.999650239944458
دريد بن الصمة,2,عروة بن الورد,0.999613881111145
دريد بن الصمة,3,قيس بن الحدادية,0.9995575547218323
دريد بن الصمة,4,السموأل,0.9995192885398865
دريد بن الصمة,5,عمرو بن كلثوم,0.9995006918907166
دوسر بن هذيل,1,العقار بن سليل,0.997244656085968
دوسر بن هذيل,2,أفنون,0.9954090118408203
دوسر بن هذيل,3,الحارث بن صريم الوادعي,0.9951833486557007
دوسر بن هذيل,4,الحارث الجرمي,0.9951465129852295
دوسر بن هذيل,5,البراق,0.9945850968360901
ذؤيب بن كعب,1,جحيش الهمداني,0.9984839558601379
ذؤيب بن كعب,2,الحسل الهمداني,0.9973469972610474
ذؤيب بن كعب,3,الزفيان,0.9965896606445312
ذؤيب بن كعب,4,صخر الغي,0.9955499768257141
ذؤيب بن كعب,5,بيهس الفزاري,0.995395839214325
ذو الإصبع العدواني,1,بلعاء بن قيس الكناني,0.9135875701904297
ذو الإصبع العدواني,2,الربيع بن زياد العبسي,0.9108356237411499
ذو الإصبع العدواني,3,صيفي الأسلت,0.8927754163742065
ذو الإصبع العدواني,4,أبو قيس بن رفاعة,0.8727458715438843
ذو الإصبع العدواني,5,الحارث بن ظالم المري,0.8638501763343811
زبان بن سيار الفزاري,1,عنترة بن شداد,0.9996237754821777
زبان بن سيار الفزاري,2,زهير بن أبي سلمى,0.999548077583313
زبان بن سيار الفزاري,3,عدي بن ربيعة,0.999502420425415
زبان بن سيار الفزاري,4,بشر بن أبي خازم,0.9993388056755066
زبان بن سيار الفزاري,5,عمرو بن كلثوم,0.9992778897285461
زهير بن أبي سلمى,1,دريد بن الصمة,0.999650239944458
زهير بن أبي سلمى,2,عمرو بن قميئة,0.9996429085731506
زهير بن أبي سلمى,3,السموأل,0.9996305704116821
زهير بن أبي سلمى,4,بشر بن أبي خازم,0.9996230006217957
زهير بن أبي سلمى,5,عمرو بن كلثوم,0.9995902180671692
زيد الخيل الطائي,1,أوس بن حجر,0.9998335838317871
زيد الخيل الطائي,2,الطفيل الغنوي,0.9997258186340332
زيد الخيل الطائي,3,تأبط شراً,0.9996809959411621
زيد الخيل الطائي,4,قيس بن الحدادية,0.9996288418769836
زيد الخيل الطائي,5,عروة بن الورد,0.9995957612991333
سلامة بن جندل,1,الفند الزماني,0.9769437313079834
سلامة بن جندل,2,الجميح الأسدي,0.9763548374176025
سلامة بن جندل,3,محرز الضبي,0.9745323657989502
سلامة بن جندل,4,الأسلوم اليامي,0.973240852355957
سلامة بن جندل,5,المرقش الأكبر,0.9724469184875488
سنان المري,1,السليك بن السلكة,0.9993385076522827
سنان المري,2,تأبط شراً,0.9993242025375366
سنان المري,3,الكلحبة العرني,0.9993120431900024
سنان المري,4,أوس الهجيمي,0.9990890622138977
سنان المري,5,ابن كلاب العقيلي,0.999068558216095
شمر الحنفي,1,الجميح الأسدي,0.9841270446777344
شمر الحنفي,2,ابن زرعة الباهلي,0.9809271097183228
شمر الحنفي,3,حاجز الأزدي,0.9793686866760254
شمر الحنفي,4,المرقش الأكبر,0.979254961013794
شمر الحنفي,5,الفند الزماني,0.9789109826087952
صخر الغي,1,عمرو بن قميئة,0.998704731464386
صخر الغي,2,بشر بن أبي خازم,0.998526930809021
صخر الغي,3,المسيب بن علس,0.9982874393463135
صخر الغي,4,الحارث بن عباد,0.9982714653015137
صخر الغي,5,عدي بن ربيعة,0.9982534646987915
صيفي الأسلت,1,الحارث بن ظالم المري,0.8987588882446289
صيفي الأسلت,2,ذو الإصبع العدواني,0.8927754163742065
صيفي الأسلت,3,الربيع بن زياد العبسي,0.856153130531311
صيفي الأسلت,4,بلعاء بن قيس الكناني,0.8184234499931335
صيفي الأسلت,5,الغطمش الضبي,0.8146556615829468
ضمرة بن ضمرة,1,الأسود النهشلي,0.9739095568656921
ضمرة بن ضمرة,2,الربيع بن أبي الحقيق,0.9537605047225952
ضمرة بن ضمرة,3,سلامة بن جندل,0.935562789440155
ضمرة بن ضمرة,4,أم الضحاك المحاربية,0.9315081834793091
ضمرة بن ضمرة,5,أبو قيس بن رفاعة,0.9310919046401978
طرفة بن العبد,1,السموأل,0.9996417164802551
طرفة بن العبد,2,النابغة الذبياني,0.9995936155319214
طرفة بن العبد,3,زهير بن أبي سلمى,0.9994824528694153
طرفة بن العبد,4,عمرو بن كلثوم,0.999470055103302
طرفة بن العبد,5,عروة بن الورد,0.9994188547134399
عبد المسيح بن عسلة,1,الحارث بن حلزة,0.9954882860183716
عبد المسيح بن عسلة,2,الخنساء,0.9948850274085999
عبد المسيح بن عسلة,3,عدي بن زيد,0.9947917461395264
عبد المسيح بن عسلة,4,لقيط بن زرارة,0.9947035312652588
عبد المسيح بن عسلة,5,امرؤ القيس,0.994553804397583
عبد يغوث الحارثي,1,حاجز الأزدي,0.9854508638381958
عبد يغوث الحارثي,2,أبو المثلم الهذلي,0.985392689704895
عبد يغوث الحارثي,3,محرز الضبي,0.9848748445510864
عبد يغوث الحارثي,4,الأسود التغلبي,0.9847069382667542
عبد يغوث الحارثي,5,أسماء التغلبية,0.9844958782196045
عدي بن ربيعة,1,عنترة بن شداد,0.999748945236206
عدي بن ربيعة,2,زهير بن أبي سلمى,0.9995262622833252
عدي بن ربيعة,3,زبان بن سيار الفزاري,0.999502420425415
عدي بن ربيعة,4,الخنساء,0.9994297027587891
عدي بن ربيعة,5,عمرو بن كلثوم,0.9993603825569153
عدي بن زيد,1,امرؤ القيس,0.9994444847106934
عدي بن زيد,2,الخنساء,0.9989330768585205
عدي بن زيد,3,المتنخل,0.9985229969024658
عدي بن زيد,4,عنترة بن شداد,0.9985018372535706
عدي بن زيد,5,أحيحة بن الجلاح,0.9984996318817139
عروة بن الورد,1,قيس بن الحدادية,0.9997252225875854
عروة بن الورد,2,النابغة الذبياني,0.9996430277824402
عروة بن الورد,3,أوس بن حجر,0.9996155500411987
عروة بن الورد,4,دريد بن الصمة,0.999613881111145
عروة بن الورد,5,زيد الخيل الطائي,0.9995957612991333
علقمة الفحل,1,زهير بن أبي سلمى,0.9994010925292969
علقمة الفحل,2,دريد بن الصمة,0.9993349313735962
علقمة الفحل,3,عنترة بن شداد,0.9991008043289185
علقمة الفحل,4,السموأل,0.9990666508674622
علقمة الفحل,5,عدي بن ربيعة,0.9990456104278564
عمرو بن قميئة,1,زهير بن أبي سلمى,0.9996429085731506
عمرو بن قميئة,2,الأفوة الأودي,0.9996191263198853
عمرو بن قميئة,3,بشر بن أبي خازم,0.9995719790458679
عمرو بن قميئة,4,السموأل,0.999516487121582
عمرو بن قميئة,5,الخنساء,0.999364972114563
عمرو بن كلثوم,1,بشر بن أبي خازم,0.999640941619873
عمرو بن كلثوم,2,زهير بن أبي سلمى,0.9995902180671692
عمرو بن كلثوم,3,قيس بن الحدادية,0.9995657801628113
عمرو بن كلثوم,4,النابغة الذبياني,0.999524712562561
عمرو بن كلثوم,5,دريد بن الصمة,0.9995006918907166
عنترة بن شداد,1,عدي بن ربيعة,0.999748945236206
عنترة بن شداد,2,زبان بن سيار الفزاري,0.9996237754821777
عنترة بن شداد,3,الخنساء,0.9995769262313843
عنترة بن شداد,4,زهير بن أبي سلمى,0.9994717836380005
عنترة بن شداد,5,دريد بن الصمة,0.9992635250091553
قبيصة بن النصراني,1,زبان بن سيار الفزاري,0.9982540011405945
قبيصة بن النصراني,2,عنترة بن شداد,0.9981836080551147
قبيصة بن النصراني,3,الخنساء,0.9980469346046448
قبيصة بن النصراني,4,عمرو بن كلثوم,0.998016893863678
قبيصة بن النصراني,5,عدي بن ربيعة,0.9980028867721558
قس بن ساعدة,1,الخرنق بنت بدر,0.9981408715248108
قس بن ساعدة,2,الأفوة الأودي,0.9975985288619995
قس بن ساعدة,3,أبو قلابة الهذلي,0.9975728988647461
قس بن ساعدة,4,الحارث بن عباد,0.9974260330200195
قس بن ساعدة,5,عمرو بن قميئة,0.9973364472389221
قيس بن الحدادية,1,النابغة الذبياني,0.9997591972351074
قيس بن الحدادية,2,عروة بن الورد,0.9997252225875854
قيس بن الحدادية,3,الحصين بن حمام الفزاري,0.9996998906135559
قيس بن الحدادية,4,أوس بن حجر,0.9996747374534607
قيس بن الحدادية,5,الطفيل الغنوي,0.999657154083252
لقيط بن زرارة,1,الحارث بن حلزة,0.9987317323684692
لقيط بن زرارة,2,البُرجُمي,0.9979162216186523
لقيط بن زرارة,3,بشر بن أبي خازم,0.997563362121582
لقيط بن زرارة,4,صخر الغي,0.9975101351737976
لقيط بن زرارة,5,عمرو بن قميئة,0.9974392652511597
لقيط بن يعمر الإيادي,1,بكر الجرهمي,0.9973742365837097
لقيط بن يعمر الإيادي,2,بيهس الغطفاني,0.9964606761932373
لقيط بن يعمر الإيادي,3,ابن مالك الحميري,0.994520902633667
لقيط بن يعمر الإيادي,4,معقر بن حمار البارقي,0.9936119318008423
لقيط بن يعمر الإيادي,5,ابن المضلَّل,0.9935411214828491
مالك بن حريم الهمداني,1,المثقب العبدي,0.999527633190155
مالك بن حريم الهمداني,2,يزيد الشني,0.9992835521697998
مالك بن حريم الهمداني,3,عمرو بن كلثوم,0.9992219805717468
مالك بن حريم الهمداني,4,بشر بن أبي خازم,0.9992048144340515
مالك بن حريم الهمداني,5,الحارث بن عباد,0.9991923570632935
محرز الضبي,1,حاجز الأزدي,0.9938583374023438
محرز الضبي,2,الجميح الأسدي,0.9925475716590881
محرز الضبي,3,المرقش الأكبر,0.9917553067207336
محرز الضبي,4,امرؤ القيس,0.9911044239997864
محرز الضبي,5,عدي بن زيد,0.9899249076843262
معقر بن حمار البارقي,1,أحيحة بن الجلاح,0.9980584383010864
معقر بن حمار البارقي,2,امرؤ القيس,0.9979977607727051
معقر بن حمار البارقي,3,بيهس الغطفاني,0.9979050755500793
معقر بن حمار البارقي,4,عدي بن زيد,0.9978672862052917
معقر بن حمار البارقي,5,عنترة بن شداد,0.9975630044937134
نهيكة الفزاري,1,الأشعث الجاشي,0.9968645572662354
نهيكة الفزاري,2,جبار الفزاري,0.996842622756958
نهيكة الفزاري,3,هند الفزارية,0.9964863061904907
نهيكة الفزاري,4,أبو بثينه الهذلي,0.9964032173156738
نهيكة الفزاري,5,السليك بن السلكة,0.9963749647140503
هبل الكلبي,1,الأسفع الأرحبي,0.9776090383529663
هبل الكلبي,2,العجلان بن خليد,0.9770333170890808
هبل الكلبي,3,المتنخل,0.972411036491394
هبل الكلبي,4,الشنفرى,0.9723308682441711
هبل الكلبي,5,الحكم الفزاري,0.9719305634498596
هبيرة المري,1,الحارث المذحجي,0.9966403245925903
هبيرة المري,2,السفاح التغلبي,0.9961257576942444
هبيرة المري,3,بيهس الفزاري,0.9961144924163818
هبيرة المري,4,المسيب بن علس,0.9958997368812561
هبيرة المري,5,صخر الغي,0.9958507418632507
هزيلة الجديسية,1,الربيع بن زياد العبسي,0.6622709035873413
هزيلة الجديسية,2,الحارث بن ظالم المري,0.656697154045105
هزيلة الجديسية,3,بلعاء بن قيس الكناني,0.6457487344741821
هزيلة الجديسية,4,صيفي الأسلت,0.6323668360710144
هزيلة الجديسية,5,الغطمش الضبي,0.62516850233078
هشام المري,1,أبو حية الفزاري,0.9618676900863647
هشام المري,2,العجلان بن خليد,0.9523875713348389
هشام المري,3,الحكم الفزاري,0.9509613513946533
هشام المري,4,هبل الكلبي,0.9378236532211304
هشام المري,5,أبو عدي النمري,0.9359629154205322
هلال بن رزين,1,صيفي الأسلت,0.7141979932785034
هلال بن رزين,2,الحارث بن ظالم المري,0.7116092443466187
هلال بن رزين,3,وداك المازني,0.6969476938247681
هلال بن رزين,4,ذو الإصبع العدواني,0.656663179397583
هلال بن رزين,5,المثلم بن قرط البلوي,0.6273577809333801
همام التميمي,1,قبيصة بن النصراني,0.9913003444671631
همام التميمي,2,أبو قلابة الهذلي,0.990544855594635
همام التميمي,3,حاتم الطائي,0.9902248978614807
همام التميمي,4,الحارث بن حلزة,0.9898642897605896
همام التميمي,5,السموأل,0.9896878004074097
هناءة بن مالك الأزدي,1,الربيع بن أبي الحقيق,0.9605981111526489
هناءة بن مالك الأزدي,2,الأشتر الحمامي,0.9580872058868408
هناءة بن مالك الأزدي,3,أبو الذيال اليهودي,0.9571027755737305
هناءة بن مالك الأزدي,4,الجميح الأسدي,0.9515076279640198
هناءة بن مالك الأزدي,5,امرؤ القيس السكوني,0.9510290026664734
هند الأيادية,1,أوس العبدي,0.7756704688072205
هند الأيادية,2,ضمرة بن ضمرة,0.7755436897277832
هند الأيادية,3,الأسود النهشلي,0.7730237245559692
هند الأيادية,4,أم الضحاك المحاربية,0.7695468664169312
هند الأيادية,5,أميمة بنت عبد المطلب,0.7691070437431335
هند السدوسية,1,الحارث بن ظالم المري,0.7603234052658081
هند السدوسية,2,ذو الإصبع العدواني,0.7556253671646118
هند السدوسية,3,صيفي الأسلت,0.7520583868026733
هند السدوسية,4,الغطمش الضبي,0.7180966734886169
هند السدوسية,5,بلعاء بن قيس الكناني,0.7123830914497375
هند الضبابية,1,الربيع بن أبي الحقيق,0.8537112474441528
هند الضبابية,2,الأسود النهشلي,0.8524101972579956
هند الضبابية,3,أم الضحاك المحاربية,0.8491330146789551
هند الضبابية,4,الجميح الأسدي,0.8411372303962708
هند الضبابية,5,ضمرة بن ضمرة,0.8384438753128052
هند الفزارية,1,امرؤ القيس الزهيري,0.9999346733093262
هند الفزارية,2,المعان بن روق,0.9998835921287537
هند الفزارية,3,الأشعث الجاشي,0.9995759725570679
هند الفزارية,4,جبار الفزاري,0.9992368221282959
هند الفزارية,5,السليك بن السلكة,0.9989766478538513
هند بنت ابن عامر الأسلمي,1,أبو أذينه,0.42776596546173096
هند بنت ابن عامر الأسلمي,2,صيفي الأسلت,0.42525050044059753
هند بنت ابن عامر الأسلمي,3,أزبر بن غزي,0.42478710412979126
هند بنت ابن عامر الأسلمي,4,الحارث بن ظالم المري,0.4132673740386963
هند بنت ابن عامر الأسلمي,5,الدهنا بنت مسحل,0.4047722816467285
هند بنت الخس,1,الهجرس التغلبي,0.9885706901550293
هند بنت الخس,2,نهيكة الفزاري,0.9852262735366821
هند بنت الخس,3,المثلم الفزاري,0.9847923517227173
هند بنت الخس,4,النابغة الغنوي,0.9846279621124268
هند بنت الخس,5,قبيصة بن النصراني,0.9829188585281372
هند بنت معبد,1,الأسود النهشلي,0.9214034080505371
هند بنت معبد,2,ضمرة بن ضمرة,0.9132606387138367
هند بنت معبد,3,الربيع بن أبي الحقيق,0.9072763919830322
هند بنت معبد,4,أميمة بنت عبد المطلب,0.9071047306060791
هند بنت معبد,5,الجميح الأسدي,0.8992090225219727
هني الكناني,1,الحارث بن ظالم المري,0.7374149560928345
هني الكناني,2,ذو الإصبع العدواني,0.7326733469963074
هني الكناني,3,الربيع بن زياد العبسي,0.7268525958061218
هني الكناني,4,بلعاء بن قيس الكناني,0.7177932858467102
هني الكناني,5,صيفي الأسلت,0.7092137932777405
وجيهة الضبية,1,الأسود النهشلي,0.8370205163955688
وجيهة الضبية,2,ضمرة بن ضمرة,0.8215968608856201
وجيهة الضبية,3,أبو الذيال اليهودي,0.816002607345581
وجيهة الضبية,4,أبو قيس بن رفاعة,0.8155442476272583
وجيهة الضبية,5,الهدم بن امرئ القيس,0.8122719526290894
وداك المازني,1,صيفي الأسلت,0.7574147582054138
وداك المازني,2,المثلم بن قرط البلوي,0.7017732858657837
وداك المازني,3,هلال بن رزين,0.6969476938247681
وداك المازني,4,الحارث بن ظالم المري,0.6962325572967529
وداك المازني,5,ذو الإصبع العدواني,0.6938194632530212
ورقاء بن زهير,1,الحارث بن ظالم المري,0.7726892232894897
ورقاء بن زهير,2,صيفي الأسلت,0.7718908190727234
ورقاء بن زهير,3,المثلم بن قرط البلوي,0.7288060188293457
ورقاء بن زهير,4,ذو الإصبع العدواني,0.7255798578262329
ورقاء بن زهير,5,الربيع بن زياد العبسي,0.7205833196640015
وهيبة بنت عبد العزى,1,الأعسر الضبي,0.8999346494674683
وهيبة بنت عبد العزى,2,الربيع بن أبي الحقيق,0.8990418910980225
وهيبة بنت عبد العزى,3,المرقش الأصغر,0.898127555847168
وهيبة بنت عبد العزى,4,الأسود النهشلي,0.8976829051971436
وهيبة بنت عبد العزى,5,الجميح الأسدي,0.8976452350616455
ياسر الخيبري,1,أبو الذيال اليهودي,0.8557723760604858
ياسر الخيبري,2,الأسود النهشلي,0.8508764505386353
ياسر الخيبري,3,هناءة بن مالك الأزدي,0.83845454454422
ياسر الخيبري,4,ضمرة بن ضمرة,0.8369580507278442
ياسر الخيبري,5,أبو قيس بن رفاعة,0.8360174894332886
يربوع بن حنظلة,1,لقيط بن يعمر الإيادي,0.989722490310669
يربوع بن حنظلة,2,بكر الجرهمي,0.9885355830192566
يربوع بن حنظلة,3,بيهس الغطفاني,0.9826623201370239
يربوع بن حنظلة,4,دوسر بن هذيل,0.980847954750061
يربوع بن حنظلة,5,محرز الضبي,0.9802889823913574
يزيد الأرحبي,1,أوس الهجيمي,0.9991446733474731
يزيد الأرحبي,2,أبو الحكيم المري,0.9989131093025208
يزيد الأرحبي,3,النابغة التغلبي,0.9987061619758606
يزيد الأرحبي,4,المثقب العبدي,0.9985970854759216
يزيد الأرحبي,5,مالك بن حريم الهمداني,0.998492956161499
يزيد الشني,1,المثقب العبدي,0.9995673894882202
يزيد الشني,2,مالك بن حريم الهمداني,0.9992835521697998
يزيد الشني,3,الحارث بن عباد,0.9992793798446655
يزيد الشني,4,البُرجُمي,0.999260663986206
يزيد الشني,5,بشر بن أبي خازم,0.9992089867591858
يزيد بن الرومي العتكي,1,الفند الزماني,0.9588884115219116
يزيد بن الرومي العتكي,2,الأعسر الضبي,0.9587355256080627
يزيد بن الرومي العتكي,3,الجميح الأسدي,0.9571486711502075
يزيد بن الرومي العتكي,4,حاجز الأزدي,0.9566577076911926
يزيد بن الرومي العتكي,5,امرؤ القيس السكوني,0.9554461240768433
يزيد بن الصعق,1,يزيد ذو القفا,0.9983862638473511
يزيد بن الصعق,2,أعصر بن سعد,0.9970796704292297
يزيد بن الصعق,3,بداء بن سليمان,0.9961032867431641
يزيد بن الصعق,4,حاتم الطائي,0.9957011342048645
يزيد بن الصعق,5,الأسعر الجعفي,0.9956271052360535
يزيد بن سنان المري,1,يزيد بن الصعق,0.9937514066696167
يزيد بن سنان المري,2,أفنون,0.9932953119277954
يزيد بن سنان المري,3,يزيد ذو القفا,0.9925011396408081
يزيد بن سنان المري,4,المثلم المري,0.9921640753746033
يزيد بن سنان المري,5,الأسود التغلبي,0.9921337366104126
يزيد بن قنافة,1,الحارث بن ظالم المري,0.7162687182426453
يزيد بن قنافة,2,الهذلول بن كعب,0.6600563526153564
يزيد بن قنافة,3,الغطمش الضبي,0.6492496728897095
يزيد بن قنافة,4,ذو الإصبع العدواني,0.6452129483222961
يزيد بن قنافة,5,صيفي الأسلت,0.6437562704086304
يزيد بن مجالد الفزاري,1,أرطأة الفزاري,0.9963939785957336
يزيد بن مجالد الفزاري,2,الأسعر الجعفي,0.995392918586731
يزيد بن مجالد الفزاري,3,حاتم الطائي,0.9952971935272217
يزيد بن مجالد الفزاري,4,أعصر بن سعد,0.9947617053985596
يزيد بن مجالد الفزاري,5,أوس بن حجر,0.9945427179336548
يزيد ذو القفا,1,يزيد بن الصعق,0.9983862638473511
يزيد ذو القفا,2,أعصر بن سعد,0.9969255924224854
يزيد ذو القفا,3,الأسعر الجعفي,0.9958585500717163
يزيد ذو القفا,4,حاتم الطائي,0.9958378076553345
يزيد ذو القفا,5,عروة بن الورد,0.9951198697090149
