poet_name,poem_count,total_words,total_verses,avg_words_per_poem,avg_verses_per_poem
عدي بن زيد,157,7321,1567,46.63057324840764,9.980891719745223
عنترة بن شداد,142,16745,3495,117.9225352112676,24.612676056338028
الخنساء,99,8863,1908,89.52525252525253,19.272727272727273
النابغة الذبياني,80,6656,1378,83.2,17.225
دريد بن الصمة,73,3719,764,50.945205479452056,10.465753424657533
الأسود النهشلي,71,3378,710,47.57746478873239,10.0
زيد الخيل الطائي,66,2517,523,38.13636363636363,7.924242424242424
امرؤ القيس,64,8541,1771,133.453125,27.671875
تأبط شراً,55,3621,744,65.83636363636364,13.527272727272727
حاتم الطائي,54,3852,758,71.33333333333333,14.037037037037036
أوس بن حجر,53,5206,1075,98.22641509433963,20.28301886792453
زهير بن أبي سلمى,53,8675,1788,163.67924528301887,33.735849056603776
بشر بن أبي خازم,51,7207,1568,141.31372549019608,30.745098039215687
عدي بن ربيعة,51,4073,884,79.86274509803921,17.333333333333332
الطفيل الغنوي,50,3920,796,78.4,15.92
المتلمس الضبعي,45,2078,423,46.17777777777778,9.4
عمرو بن كلثوم,43,2552,574,59.348837209302324,13.348837209302326
عروة بن الورد,37,2337,468,63.16216216216216,12.64864864864865
طرفة بن العبد,34,4102,872,120.6470588235294,25.647058823529413
عمرو بن قميئة,33,2416,530,73.21212121212122,16.060606060606062
أحيحة بن الجلاح,32,2606,560,81.4375,17.5
المسيب بن علس,31,1851,440,59.70967741935484,14.193548387096774
حاجز الأزدي,29,1314,296,45.310344827586206,10.206896551724139
الأفوة الأودي,28,1936,410,69.14285714285714,14.642857142857142
الشنفرى,26,2343,480,90.11538461538461,18.46153846153846
سلامة بن جندل,25,2225,403,89.0,16.12
علقمة الفحل,24,2050,424,85.41666666666667,17.666666666666668
زبان بن سيار الفزاري,23,784,160,34.08695652173913,6.956521739130435
بلعاء بن قيس الكناني,23,611,122,26.565217391304348,5.304347826086956
المثقب العبدي,22,1922,428,87.36363636363636,19.454545454545453
صيفي الأسلت,20,1307,288,65.35,14.4
المرقش الأكبر,20,1770,380,88.5,19.0
الحارث بن ظالم المري,20,1030,219,51.5,10.95
ذو الإصبع العدواني,20,1850,411,92.5,20.55
الحصين بن حمام الفزاري,18,1295,270,71.94444444444444,15.0
ابن العجلان النهدي,18,735,158,40.833333333333336,8.777777777777779
السليك بن السلكة,17,538,114,31.647058823529413,6.705882352941177
الحارث بن حلزة,17,1616,356,95.05882352941177,20.941176470588236
قيس بن الحدادية,17,1593,319,93.70588235294117,18.764705882352942
السموأل,15,1370,288,91.33333333333333,19.2
الخرنق بنت بدر,15,582,130,38.8,8.666666666666666
محرز الضبي,14,669,136,47.785714285714285,9.714285714285714
الجميح الأسدي,14,544,114,38.857142857142854,8.142857142857142
صخر الغي,13,1076,236,82.76923076923077,18.153846153846153
مالك بن حريم الهمداني,13,922,198,70.92307692307692,15.23076923076923
الزفيان,13,1050,255,80.76923076923077,19.615384615384617
ضمرة بن ضمرة,12,616,129,51.333333333333336,10.75
البراق,12,818,168,68.16666666666667,14.0
بشامة بن الغدير,11,977,212,88.81818181818181,19.272727272727273
الربيع بن أبي الحقيق,11,457,96,41.54545454545455,8.727272727272727
قس بن ساعدة,11,570,124,51.81818181818182,11.272727272727273
أم الضحاك المحاربية,10,265,50,26.5,5.0
الأسعر الجعفي,10,608,126,60.8,12.6
الحارث بن عباد,10,1192,264,119.2,26.4
الفند الزماني,9,1603,382,178.11111111111111,42.44444444444444
الربيع بن زياد العبسي,9,523,110,58.111111111111114,12.222222222222221
المرقش الأصغر,9,784,162,87.11111111111111,18.0
ابن الأطنابة,8,441,100,55.125,12.5
سنان المري,8,249,52,31.125,6.5
جساس بن مرة,8,394,90,49.25,11.25
الغطمش الضبي,8,295,58,36.875,7.25
بغثر بن لقيط الأسدي,6,166,34,27.666666666666668,5.666666666666667
المتنخل,6,1084,238,180.66666666666666,39.666666666666664
السفاح التغلبي,6,199,44,33.166666666666664,7.333333333333333
أعشى باهلة,6,550,104,91.66666666666667,17.333333333333332
قبيصة بن النصراني,5,185,38,37.0,7.6
أبو قلابة الهذلي,5,369,78,73.8,15.6
أبو قيس بن رفاعة,5,288,60,57.6,12.0
الأضبط السعدي,5,174,36,34.8,7.2
هناءة بن مالك الأزدي,5,194,38,38.8,7.6
لقيط بن زرارة,5,168,40,33.6,8.0
المشؤوم,5,295,62,59.0,12.4
نهيكة الفزاري,4,82,16,20.5,4.0
المنخل اليشكري,4,176,46,44.0,11.5
بيهس الفزاري,4,66,16,16.5,4.0
أم موسى الكلابية,4,161,30,40.25,7.5
هند بنت الخس,4,203,38,50.75,9.5
ابن فكهة,4,297,68,74.25,17.0
الأعسر الضبي,4,620,150,155.0,37.5
أبو سلمى ربيعة المزني,4,68,16,17.0,4.0
أبو المثلم الهذلي,4,467,90,116.75,22.5
ورقاء بن زهير,3,141,30,47.0,10.0
يزيد الأرحبي,3,83,18,27.666666666666668,6.0
أم النحيف,3,62,12,20.666666666666668,4.0
ابن ثور العامري,3,400,84,133.33333333333334,28.0
أبو اللحام التغلبي,3,270,58,90.0,19.333333333333332
أبو الحكيم المري,3,371,78,123.66666666666667,26.0
الأسود التغلبي,3,103,22,34.333333333333336,7.333333333333333
أفنون,3,215,38,71.66666666666667,12.666666666666666
ابن المضلَّل,3,235,52,78.33333333333333,17.333333333333332
يزيد بن مجالد الفزاري,3,87,16,29.0,5.333333333333333
يزيد بن سنان المري,3,105,22,35.0,7.333333333333333
الممزق العبدي,3,434,84,144.66666666666666,28.0
جحيش الهمداني,3,81,20,27.0,6.666666666666667
عبد المسيح بن عسلة,3,182,40,60.666666666666664,13.333333333333334
الخنساء بنت التيجان,3,116,24,38.666666666666664,8.0
لقيط بن يعمر الإيادي,3,682,130,227.33333333333334,43.333333333333336
أبو الذيال اليهودي,2,196,42,98.0,21.0
يزيد ذو القفا,2,30,6,15.0,3.0
يزيد الشني,2,210,46,105.0,23.0
الحارث بن الحصين,2,45,8,22.5,4.0
هبيرة المري,2,59,14,29.5,7.0
الدهنا بنت مسحل,2,40,10,20.0,5.0
الهذيل الأكبر التغلبي,2,65,12,32.5,6.0
الفارعة بنت معاوية,2,100,22,50.0,11.0
الكلحبة العرني,2,113,24,56.5,12.0
الراعي الهمداني,2,35,8,17.5,4.0
المثلم المري,2,95,20,47.5,10.0
الهبل بن عامر,2,49,10,24.5,5.0
الأسفع الأرحبي,2,191,38,95.5,19.0
أبو الفضل الكناني,2,417,78,208.5,39.0
ابن أم حزنة,2,283,60,141.5,30.0
الحارث المذحجي,2,184,38,92.0,19.0
وداك المازني,2,77,16,38.5,8.0
أعصر بن سعد,2,28,6,14.0,3.0
ابو دُاود الإيادي,2,497,110,248.5,55.0
البُرجُمي,2,233,50,116.5,25.0
الجراح الهمداني,2,49,10,24.5,5.0
الأشتر الحمامي,2,23,6,11.5,3.0
عبد يغوث الحارثي,2,223,44,111.5,22.0
معقر بن حمار البارقي,2,493,108,246.5,54.0
جحدر الوائلي,2,59,12,29.5,6.0
الحارث بن صريم الوادعي,2,133,26,66.5,13.0
هزيلة الجديسية,2,125,24,62.5,12.0
المعان بن روق,2,66,14,33.0,7.0
المثلم بن قرط البلوي,2,82,16,41.0,8.0
بكر الجرهمي,2,46,10,23.0,5.0
جبار الفزاري,2,41,8,20.5,4.0
آمنة بنت وهب,2,94,20,47.0,10.0
بشر بن عمرو,2,201,42,100.5,21.0
الهيبان الفهمي,2,38,8,19.0,4.0
الهيفاء بنت صبيح القضاعية,2,83,16,41.5,8.0
هند بنت معبد,2,73,14,36.5,7.0
جبلة بن الحارث,2,232,46,116.0,23.0
هند السدوسية,2,73,16,36.5,8.0
الحارث الحضرمي,1,305,58,305.0,58.0
البسوس بنت منقذ التميمية,1,80,14,80.0,14.0
الحارث الجرمي,1,112,22,112.0,22.0
الجيداء بنت زاهر الزبيدية,1,73,14,73.0,14.0
الجوزاء بنت عروة البصرية,1,82,18,82.0,18.0
الأشعث الجاشي,1,30,6,30.0,6.0
الأشعث بن عابس,1,41,8,41.0,8.0
ابن عمرو الكندي,1,330,68,330.0,68.0
ابن زرعة الباهلي,1,202,42,202.0,42.0
أبو أذينه,1,151,28,151.0,28.0
الجندل الفزاري,1,23,4,23.0,4.0
الأعرج المري,1,50,10,50.0,10.0
الأعور بن عمرو الازدي,1,21,4,21.0,4.0
ابن جوين الطائي,1,234,64,234.0,64.0
ابن مالك الحميري,1,78,20,78.0,20.0
ابن كلاب العقيلي,1,27,6,27.0,6.0
أبو عفك,1,34,8,34.0,8.0
أروى بنت الحباب,1,26,6,26.0,6.0
أربد الذبياني,1,36,8,36.0,8.0
أرطأة الفزاري,1,19,4,19.0,4.0
أربد بن ضابئ,1,29,6,29.0,6.0
أسماء المرية,1,91,18,91.0,18.0
أسماء التغلبية,1,258,58,258.0,58.0
أزبر بن غزي,1,24,4,24.0,4.0
الأحبش التميمي,1,14,3,14.0,3.0
الأخضر الفزاري,1,21,4,21.0,4.0
الأخنس التغلبي,1,259,52,259.0,52.0
الأدير الكلبي,1,31,6,31.0,6.0
ابن الرعلاء,1,51,12,51.0,12.0
أبو بثينه الهذلي,1,56,12,56.0,12.0
أبو حمضة اليهودي,1,31,8,31.0,8.0
أبو حنش التغلبي,1,24,6,24.0,6.0
أبو حية الفزاري,1,16,3,16.0,3.0
أبو حسان الفزاري,1,9,2,9.0,2.0
أبو عدي النمري,1,363,72,363.0,72.0
أبو قردودة الطائي,1,248,62,248.0,62.0
أخت الأسود بن غفار,1,34,6,34.0,6.0
وهيبة بنت عبد العزى,1,43,10,43.0,10.0
يزيد بن قنافة,1,36,8,36.0,8.0
يزيد بن الرومي العتكي,1,33,8,33.0,8.0
ياسر الخيبري,1,23,5,23.0,5.0
يزيد بن الصعق,1,19,4,19.0,4.0
ابنة حكيم بن عمرو العبدية,1,41,8,41.0,8.0
ابنة أبي الجدعاء,1,83,16,83.0,16.0
الأسلوم اليامي,1,29,6,29.0,6.0
العوراء الذبيانية,1,23,6,23.0,6.0
العنبر الخضم,1,15,3,15.0,3.0
العقار بن سليل,1,96,18,96.0,18.0
العجلان بن خليد,1,32,6,32.0,6.0
السلكة أم السليك,1,76,24,76.0,24.0
الربيع بن عقيل,1,47,10,47.0,10.0
الربيع بن زياد الكلبي,1,10,2,10.0,2.0
الراشاء بن نهار,1,11,2,11.0,2.0
الخنساء بنت زهير,1,29,6,29.0,6.0
الراعي المري,1,58,12,58.0,12.0
الحشاش الأصغر,1,30,6,30.0,6.0
الحارث بن مر,1,9,2,9.0,2.0
الحسل الهمداني,1,39,10,39.0,10.0
الحكم الفزاري,1,32,6,32.0,6.0
الحارث بن زهير,1,18,4,18.0,4.0
هبل الكلبي,1,19,4,19.0,4.0
الهذيل بن أم عفاش,1,9,2,9.0,2.0
الهذلول بن كعب,1,74,16,74.0,16.0
الهدم بن امرئ القيس,1,69,12,69.0,12.0
الهجرس التغلبي,1,31,6,31.0,6.0
النابغة الغنوي,1,20,4,20.0,4.0
النوار الجل,1,10,2,10.0,2.0
النابغة التغلبي,1,27,6,27.0,6.0
النابغة الحارثي,1,99,22,99.0,22.0
المسجاح الضبي,1,34,8,34.0,8.0
المفضل النكري,1,331,78,331.0,78.0
القعقاع بن شبث اليهودي,1,20,4,20.0,4.0
العوراء اليربوعية,1,60,14,60.0,14.0
المثلم بن عمرو التنوخي,1,47,10,47.0,10.0
المثلم الفزاري,1,31,6,31.0,6.0
المحيا الهمداني,1,8,2,8.0,2.0
المرار الكلبي,1,34,6,34.0,6.0
الكذاب الطابخي,1,20,4,20.0,4.0
الكذاب الكلبي,1,15,4,15.0,4.0
ابن عليق الطائي,1,328,66,328.0,66.0
ابن شعواء الفزاري,1,11,2,11.0,2.0
الدعجاء بنت وهب,1,363,68,363.0,68.0
الدحداحة الفقيمية,1,39,10,39.0,10.0
آمنة بنت عتيبة,1,26,6,26.0,6.0
أميمة بنت أمية,1,127,34,127.0,34.0
أوس الهجيمي,1,191,42,191.0,42.0
أميمة بنت عبد شمس,1,135,36,135.0,36.0
أميمة بنت عبد المطلب,1,69,12,69.0,12.0
امرؤ القيس السكوني,1,426,88,426.0,88.0
امرؤ القيس الزهيري,1,19,4,19.0,4.0
أم أبي جدابة,1,107,24,107.0,24.0
أم الأغر بنت ربيعة التغلبية,1,50,12,50.0,12.0
الوقي الهمداني,1,23,6,23.0,6.0
يربوع بن حنظلة,1,33,6,33.0,6.0
بيهس الغطفاني,1,305,68,305.0,68.0
بشير بن النكث,1,40,10,40.0,10.0
أوس العبدي,1,60,12,60.0,12.0
بدر الفزاري,1,67,12,67.0,12.0
برة بنت عبد المطلب,1,52,12,52.0,12.0
بسام بن شريح,1,11,2,11.0,2.0
بشر الفزاري,1,136,26,136.0,26.0
أوس بن حارثة,1,31,6,31.0,6.0
بداء بن سليمان,1,26,6,26.0,6.0
امرؤ القيس الكلبي,1,60,12,60.0,12.0
هند بنت ابن عامر الأسلمي,1,28,6,28.0,6.0
وجيهة الضبية,1,54,10,54.0,10.0
هند الأيادية,1,30,6,30.0,6.0
هند الضبابية,1,44,8,44.0,8.0
هني الكناني,1,68,14,68.0,14.0
ثعلبة المازني,1,239,52,239.0,52.0
تنها بنت قرط العبدية,1,51,14,51.0,14.0
تماضر بنت الشريد,1,88,20,88.0,20.0
هشام المري,1,12,2,12.0,2.0
هلال بن رزين,1,41,10,41.0,10.0
همام التميمي,1,47,10,47.0,10.0
هند الفزارية,1,87,18,87.0,18.0
ثعلبة بن بكر الأزدي,1,63,14,63.0,14.0
جبر المعاوي,1,264,52,264.0,52.0
جبار بن قرط,1,25,6,25.0,6.0
جابر المرني,1,10,2,10.0,2.0
جابر المري,1,8,2,8.0,2.0
ثعلبة بن عامر,1,28,6,28.0,6.0
ذؤيب بن كعب,1,92,22,92.0,22.0
شمر الحنفي,1,48,10,48.0,10.0
دوسر بن هذيل,1,125,22,125.0,22.0
